sku,name,description,category,subcategory,brand,model,sell_price,notes,warehouse,unit
ITCG402,ITCG402 - Telecamere Video Analisi Essential,"E DESCRIZIONE 8FW deo IIS, Onvir: Mini Builet Hykon InTelligent Camera 4 Megapixel IP sensore 1/2.2” progressive scan CMOS, compressione Ultra H.265, H.264f H.265/ MIPEG, ottica fissa 2,8mm F2.0, 0,01 Lux {F.2.0, AGC ON} illluminazione minima colori, 0 Lux IR on, shutter ; Auto/manual 1 1/100000s, Day/Night ICR {Filtro Meccanico), Smart IR portata led 30m 850nm, ONYIF {Profile $, Profile G a Profile T}, API, SD card max 256G, ANR, NAS, WDR 120dB, 2D/3D DIR, S/N >52, Corridor mode, BLC, HLC, ROI 8 aree, Digit: Defoe, privacy mask 4 aree, gestone profili separati Indipendenti, Microfono incorporato, Video Bit Rate 128 Kbps""”6144 kbps. Video analisi BASIC, Algoritmi intelligenti: motion detector, Ultra Morion Detection {classificazione veicoli/persone), tampering. Materiale metallico, vitena In acciaio, dim. 166 x 63 x 62mm , IP67, temperatura di funzionamento -30°C * 60""C,",Sistemi Over IP,Telecamere Video Analisi Essential,Hykon,ITCG402,199.0,ACCESSORI,listino,pz
ITCL402,ITCL402 - Eyeball Hykon InTelligent Camera 4 Megapixel IP,"peso 0,4Kg, alim. 12Ycc/PoE IEEE80?2..3af. I 1 pa, BFW no © Meo, Onvie: Eyeball Hykon InTelligent Camera 4 Megapixel IP, sensore 1/2.9” progressive scan CMOS, compressione Ultra H.265, H.264, H.265/ MIPEG, ottica fissa 2,8mm F2.0, 0,01 Lux {F.2.0, AGCON) illluminazione minima colori, 0 Lux IR on, shutter Auto/ HY OM manual 1” 1/100D00s, Day/Night ICR [Filtro Meccanico), Smart IR portata led 30m 850nm, ONYWIF {Profile 5, Profile G, Profi ua T}, API, SD card max 256G, ANR, NAS, WDR 120dB, 2D/3D DIR, 5/N >52, Corridor mode, BLC, HLC, ROI 8 aree, Digital Defay I privacy mask 4 aree, gestione profili separati indipendenti, Microfono incorporata, Video Bit Rate 128 Kbps""6144 kbps. Vid analisi BASFC, Algoritmi intelligenti: motion detector, Ultra Morion Detection [classificazione veicoli/persone], tampering.",Sistemi Over IP,Telecamere Video Analisi Essential,Hykon,ITCL402,199.0,al BOX4,listino,pz
ITCD402,ITCD402 - Bullet Hykon Intelligent Camera 4 Megapixel IP,"] Materiale metallico, viteria in acciaio, dim. D118 x I6mm, 1P67, temperatura di funzionamento -30°C * 60""C, peso 0,4Kg, all 12Vcc/PoE IEEE802.3af. 12750 RT ee Onwe' Bullet Hykon Intelligent Camera 4 Megapixel IP, sensore 1/3” progressive scan CMOS, compressione Ultra H.265, H.264/ H.265/ MIPEG, ottica varifocal motorizzata 2,3-12mm autofocus F1.6, 0,003 Lux [F.1.6, AGC ON] illluminazione minima col O Lux IR on, shutter Auto/manual 1 * 171000008, Day/Night ICR {Filtro Meccanico), Smart IR portata led 50m 250nm, ONVII {Profile S, Profile G, Profile T}, API, SD card max 256G, ANR, NAS, WDR 120dB, 2D/3D DIR, S/N >52, Corridor mode, BLC, 9 HLC, ROt 8 aree, Digital Defog, privacy mask 4 aree, gestione profili separati indipendenti, Microfono incorporato, Video Bit ì Rate 128 Kbps”6144 kbps. Video anafisi BASIC, Aigoritmi intelligenti: attraversamento linea, moton detector, ingresso In ari",Sistemi Over IP,Telecamere Video Analisi Essential,Hykon,ITCD402,345.0,STPA,listino,pz
ITCHA02,ITCHA02 - Eyeball Hykon InTelligent Camera 4 Megapixel IP,"intrusion, tampering. Materiale metallico, vitena In acciaio, dim. 206 x 73 x 73mm, IP67, temperatura di funzionamento -30 “ 60°C, peso 0,5kg, alim. 12Ycc/PoE IEEE807,3af. 1227 MA ee Onwvar Eyeball Hykon InTelligent Camera 4 Megapixel IP, sensore 1/3” progressive scan CMOS, compressione Ultra H.265, H.264/ H.265/ MIPEG, ottica varifocal motorizzata 2,8-12mm autofocus F1.6, 0,003 Lux [F.1.6, AGC ON] illluminazione minima col ci O Lux IR on, shutter Auto/manual 1 11000005, Day/Night ICR (Filtro Meccanico], Smart IR portata led 40m 850nm, ONVII {Profile 5, Profile G, Profile T}, API, SD card max 256G, ANR, NAS, WDR 120dB, 2D/3D DIR, S/N >52, Corridor made, BLC, HLC, ROÈ 8 aree, Digital Defog, privacy mask 4 aree, pestione profili separati indipendenti, Microfono incorporato, Video Bit Rate 128 Kbps”6144 kbps. Video analisi BASIC, Algoritmi intelligenti: attraversamento linea, motion detector, ingresso in ari",Sistemi Over IP,Telecamere Video Analisi Essential,Hykon,ITCHA02,345.0,le BOX7,listino,pz
ITCD404,ITCD404 - Bullet HYKON 4 Megapixel IP,"-30°C * 60""C, peso 0,5Kg, alim. 12Vcc max 2,8VV/PoE IEEE802.3af. di li aa INTELLIGENT l E OFN event = È a, (3 Ome Bullet HYKON 4 Megapixel IP, sensore 11,8” CMOS NEVERNEGHT Technology NG, compressione Ultra H.265, H_264/ H.265 IVJPEG, ottica fissa Amm@F1.0, 0,0003 Lux ililluminazione minima a colori (F1.0, AGCON], D Lux LED on, Maxi Led a iuce bianca portata max 30mt, ONVIF (Profile 5, Profile G, Profile T), API, SDK, SD card max 512G, WDR 120dB, 2D/3D DNR, S/N >52, BLC, HLC, ROf 8 aree, Corridor mode, Digital Defog, Digital Flip, microfono integrato, privacy mask 4 aree, ANR, NAS[NFS}, gestione profili separati indipendenti. Video analisi Essential: attraversamento linea, metlon detector, ingresso in area intrusion, tampering, viteria In acciaio, dim. 206 x 73 x 73mm, IP67, temperatura di funzionamento -30""C "" 60°C, peso",Sistemi Over IP,Telecamere Video Analisi Essential,Hykon,ITCD404,264.0,tl,listino,pz
ITCV402,ITCV402 - Flat dome HYKON cable-free InTelligent Camera 4 Megapixel I,"E DESCRIZIONE FE alla. INTELLIGENT > = 8FW Me IT QOnvie: Flat dome HYKON cable-free InTelligent Camera 4 Megapixel IP {2560*1440], sensore 1/3” EVERLIGHT technology CMOS, compressione Ultra H.265, H.264/ H.265/ MIPEG, ottica fissa 2,8mm, 0,003 Lux illuminazione minima, DayfNight ICR {Filtrc Meccanico], Smart IR portata led 30m, ONYVIF {Profile 5, Profile G, Profite T, Profile M], API, SD card max 256G, WDR 120dE È 2D/f3D DNR, S7N >56, BLC, HLC, ROI 8 aree, Corridor mode, Digital Defog, Digital Flip, privacy mask 4 aree, funzione ANR, 1 ingresso/uscita allarme, microfono incorporato, gestione profili separati indipendenti. Algoritmi intelligenti deep learnine: ; Attraversamento linea, motlon detection 4 aree, ingresso m area, Intnusion, uscita dall’area, tampering, audio detection,",Sistemi Over IP,Telecamere Video Analisi Premium Everlight,Hykon,ITCV402,358.0,ACCESSORI,listino,pz
ITCV4027,ITCV4027 - Monitoring. Viteria in acciaio,", intelligent face capture, People Fiow Counting, Crowd Density Monitoring. Viteria in acciaio, dim. DLO9mmx62mm - 0,3KE, IP40, temperatura di funzionamento-30°C * 55°C, alim. 12Vcc/PoE IEEE802.3af — 4,514 1327 ReeaaTT sta Onvir: Dome HYKON cable-free InTelligent Camera 4 Megapixel IP {2560*1440), sensore 1/2.7” EVERLIGHT technology CMOS, compressione Ultra H.265, H.264/ H.265/ MJPEG, ottica motorizzata autofocus 2,7-13,5 mm, 0,002 Lux illluminazione mini i Day/Night ICR {Filtro Meccanico), Smart IR portata led 30m, ONVIF [Profile £, Profile G, Profile T, Profile M), API, SD card m i 256G, WDR 120dB, 2D/3D DINR, S/N >56, BLC, HLC, ROI 8 aree, Corridor mode, Digital Defog, Digital Flip, privacy mask 4 are funzione ANR, 1 ingresso/uscita audio, microfono incorporato, gestione profili separati indipendenti. Algoritmi intelligenti 7 deep learning: Attraversamento linea, motion detection 4 aree, ingresso In area, intrusion, uscita dall'area, tampering, audi",Sistemi Over IP,Telecamere Video Analisi Premium Everlight,Hykon,ITCV4027,555.0,STPJ2,listino,pz
ITCX502,ITCX502 - Monitoring. Yiteria in accialo,"detection, intellitent face capture, Peopie Flow Counting, Crowd Density Monitoring. Yiteria in accialo, dim. D128mmx100n -0,6Kg, IP66, IKLO, temperatura di funzionamento -30°C * 55°C, alim. 12Yoc/PoE IEEE802.3af — 6,54 8FW eve o © MS. Onwvie: Mini Butlet HYKON InTelligent Camera 5 Megapixel IP. sensore 1/2,7” EVERUGHT technology CM05, compressione Ultra H.265, H.264/ H.265/ MIPEG, ottica fissa 2,8mm, 0,002 Lux illluminazione minima, Day/Night ICR [Filtro Meccanico), Smart IR portata led 40m, ONVIF {Profile 5, Profile G, Profile T, Profile M], API, SD card max 256G, WDR 120dB, 20/3D DNR, S/N 256, BLC, HLC, ROI 8 aree, Corridor mode, Digital Defog, Digital Flip, microfono incorporato, privacy mask 4 aree, funzione J ANR, gestione profili separati Indipendenti. Algoritmi intelfigenti deep learning: attraversamento linea, motlon detector 4 aree, Ingresso In area, Intrusion, uscita dall'area, intelligent face capture, People Flow Counting, Crowd Density Monitoring,",Sistemi Over IP,Telecamere Video Analisi Premium Everlight,Hykon,ITCX502,376.0,"na,",listino,pz
ITCX504,ITCX504 - Mini Bullet HYKON InTelligent Camera 5 Megapixel IP,"tampering, audio detechion. Viteria In acciaio, dim. 155.9 x 63.1 x 62./mm, IP67, temperatura di funzionamento 30°C "" 60° peso 1KE, alim. 17YVcc/PoE IEEE802.3af. pr“ = i 4 OFW sura sens LIT Qnwire: Mini Bullet HYKON InTelligent Camera 5 Megapixel IP, sensore 172,7” EVERLIGHT technology CMO05, compressione Ultra H.265, H.264/ H.265/ MIPEG, ottica fissa Amm, 0,002 Lux illluminazione minima, Day/f Night ICR (Filtro Meccanico), Smart IR portata ted 40m, ONVIF {Profile 5, Profile 6, Profile T, Profile M], API, SD card max 256G, WDR 120dB, 2D/3D DNR, S/N >56, BLC, HLC, ROI 8 aree, Corridor mode, Digital Defog, Digital Flip, microfono incorporato, privacy mask 4 aree, funzione g ANR, sestione profili separati indipendenti. Algoritmi intelfigenti deep learning: attraversamento linea, motion detector 4",Sistemi Over IP,Telecamere Video Analisi Premium Everlight,Hykon,ITCX504,376.0,dx,listino,pz
ITCM50,ITCM50 - Eyeball HYKON InTelligent Camera 5 Megapixel IP,"E DESCRIZIONE BF RT ea Onvir Eyeball HYKON InTelligent Camera 5 Megapixel IP, sensore 1/2,7” EVERLIGHT technology CMOS, compressione Ultra H.265, H.264/ H.265/ MIPEG, ottica fissa 2,8mm @F1.6, 0,002? Lux illluminazione minima, Day/Night , ECR [Fiitro Meccanico), Smart IR portata led 40m, ONVIF (Profile 5, Profile G, Profile T, Profile MM}, API, SD card max 256G, a WDR 120dB, 2D/3D DINR, 5/N >56, BLC, HLC, ROI 8 aree, Corridor mode, Digital Defog, Digital Flip, microfono incorporato, 4 privacy mask 4 aree, funzione ANR, NAS[NFS)], gestione profili separati indipendenti. Algoritmi intelligenti deep leaming: attraversamento linea, motion detector 4 aree, Ingresso In area, Intrusion, uscita dall'area, Intelligent face capture, People F Counting, Crowd Density Monitoring, tampering, audio detection. Viteria In acciaio, dim. ©110.5 x 94.1mm, IP67, temperati",Sistemi Over IP,Telecamere Video Analisi Premium Everlight,Hykon,ITCM50,378.0,ACCESSORI,listino,pz
ITCP502,ITCP502 - Bullet HYKON InTelligent Camera 5 Megapixel IP. sensore,"di funzionamento- 30°C * 60°C, peso 0,45Kg, alim. 12Vcc/PoE IEEE202.3af. (Rvan M Onwvir: Bullet HYKON InTelligent Camera 5 Megapixel IP. sensore 1f2,7” EVERLIGHT technology CMOS, compressione Ultra H.265 H.264f H.265/ MIPEG, ottica motorizzata autofocus 2,7-13,5 mm, 0,002 Lux illluminazione minima, DayfMight ICR {Filtro Meccanico), Smart IR portata led 50m, ONVIF [Profile 5, Profile G, Profile T, Profile M}, API, SD card max 256G, WDR 120dE 2D/f3D DNR, S7N >56, BLC, HLC, ROI 8 aree, Corridor mode, Digital Defog, Digital Flip, privacy mask 4 aree, funzione ANR, 1 ingresso/uscita allarme, 1 ingresso/uscita audio, gestione profili separati indipendenti. Algoritmi intelligenti deep leamine: attraversamento linea, motion detector 4 aree, Ingresso In area, Intrusion, uscita dall'area, Intelligent face capture, People Fow Counting, Crowd Density Monitoring, tampering, audio detection. Viteria In accialo, dim. 245 x 86 x 72mm, IP67, IK19,",Sistemi Over IP,Telecamere Video Analisi Premium Everlight,Hykon,ITCP502,515.0,BOX?,listino,pz
ITC05027,ITC05027 - Eyeball HYKON InTelligent Camera 5 Megapixel IP. sensore,"temperatura di funzionamento -30°C * 60°C, peso 1Kg, alim. 12Vcc/PoE IEEE8D2.3af, e ail. i A 13ZW RT ov Onvir: Eyeball HYKON InTelligent Camera 5 Megapixel IP. sensore 12,7” EVERLIGHT technology CMOS, compressione Uttra H.265, H.264/ H.765/ MIPEG, ottica motorizzata autofocus 2,7-13,5 mm, 0,002 Lux illluminazione minima, Day/Night | {Filtro Meccanico}, Smart IR portata led 40m, ONVIF (Profile 5, Profile G, Profite T, Profile M), API, SD card max 256G, WDR 120dB, 2D/3D DNR, S/N >56, BLC, HLC, ROI 8 aree, Corridor mode, Digital Defog, Digital Flip, microfono incorporato, privac mask 4 aree, funzione ANR, gestione profili separati indipendenti. Aleortirni intellitenti deep learning: attraversamento linea, motlon detector 4 aree, ingresso In area, intrusion, uscita dall'area, intelligent face capture, People Flow Counting,",Sistemi Over IP,Telecamere Video Analisi Premium Everlight,Hykon,ITC05027,515.0,STPUB2,listino,pz
ITCX8B02,ITCX8B02 - Mini Bullet HYKON InTelligent Camera 8 Megapixel IP Active De,"E DESCRIZIONE FW Mn IT a Qnvir: Mini Bullet HYKON InTelligent Camera 8 Megapixel IP Active Deterrence, sensore 1/2,7” CMOS EVERUGHT Technoiogy, compressione Ultra H.265, H.264/ H.265/ MIPEG, ottica fissa 2,8mm, 0,0025 Lux illluminazione minima a colori Lux IR on, Day/ Night ICR [Filtro Meccanico), Smart IR portata led 30m, ONYIF {Profile 5, Profile G, Profile T, Profile M]), API, card max 256G, WDR 120dB, 2D/3D DIR, S/N >56, BLC, HLC, ROI 8 aree, Comidor mode, Digital Defog, Digital Flip, microfon o] incorporato, speaker con messaggi vocali, maxi led a luce bianca {alarm light], privacy mask 4 aree, funzione ANR, sestione profili separati indipendenti. Algoritmi intelligenti deep leaming: attraversamento linea, motion detector 4 aree, ingresso in area, Intrusion, uscita dall'area, intelligent face capture, People Flow Counting, Crowd Density Monitoring, tampering, audio",Sistemi Over IP,Telecamere Video Analisi Premium Everlight,Hykon,ITCX8B02,459.0,ACCESSORI,listino,pz
ITCP8028,ITCP8028 - Bullet HYKON InTellipent Camera 8 Megapixel IP,"detection, pestione audio bidirezionale tramite Hykon Mobile ed Hykon Survelllance Viteria In acciaio, dim. 191x 75 x 74mn IP67, temperatura di funzionamento -30°C * 60°C, peso 0,4Kg, alim. 17Vcc/PoE IEEE802.3af. 12ZW | IT covaa Onme Bullet HYKON InTellipent Camera 8 Megapixel IP, sensore 1/2,8” CMOS EVERLIGHT Technology, compressione Ultra H.265 H.264/ H.265/ MUPEG, ottica motorizzata autofocus 2,23-12 mm, 0,003 Lux illuminazione minima a colori, O Lux IR on, Day} Night ICR (Filtro Meccanico), Smart HR portata led 50m, ONVIF [Profife $, Profile G, Profile T, Profile M], API, SD card max 256G, WDR 120dB, 2D/3D DIR, S7N >56, BLC, HLC, ROI 8 aree, Corridor mode, Digital Defog, Digital Flip, 1 ingresso e 1 uscit audio, 1 ingresso ed 1 uscita di allarme, privacy mask 4 aree, funzione ANR, gestione profili separati indipendenti. Algoritmi intelfirenti deep learning: attraversamento linea, motlon detector 4 aree, ingresso in area, Intrusion, uscita dall'area,",Sistemi Over IP,Telecamere Video Analisi Premium Everlight,Hykon,ITCP8028,655.0,",0",listino,pz
ITC08028,ITC08028 - Eyeball HYKOf! InTellizent Camera 8 Megapixel P,"intelligent face capture, People Flow Counting, Crowd Density Monitoring, tampering, audio detection, viteria in accialo, din 245 x 86 x 72mm, IP67, IK10, temperatura di funzionamento -30°C * 60°C, peso 1Kg, alim. 12Vcc/PoE IFEE202.3af. 1227 RT © Onmr: Eyeball HYKOf! InTellizent Camera 8 Megapixel P, sensore 1/2,8” CMOS EVERLIGHT Technology, compressione Ultra H.265, H.264/ H.265/ MIPEG, ottica motorizzata autofocus 2,8-12 mm, 0,093 Lux illluminazione minima a colori, 0 Lux (Ron, Day/Night ICR (Filtro Meccanico), Smart IR portata led 40m, ONVIF {Profile £, Profite G, Profile T, Profile M], API, SD card max 256G, WDR 120dB, 2D/3D DIR, S/N >56, BLC, HLC, ROI 8 aree, Corridor mode, Digital Defog, Digital Flip, mierofon incorporato, privacy mask 4 aree, funzione ANR, gestione profili separati indipendenti. Algoritmi intelligenti deep learning: attraversamento finea, motlon detector 4 aree, Ingresso In area, intrusion, uscita dall'area, Intelligent face capture, People",Sistemi Over IP,Telecamere Video Analisi Premium Everlight,Hykon,ITC08028,655.0,SD,listino,pz
ITC0502,ITC0502 - Eyeball HYKON InTelligent Camera 5 Megapixel IP SUIT LINE,"IK10, temperatura di funzionamento -30°C "" 60""C, peso 1Kg, alim. 12Vcc/PoE IEEE802.3af, colore nero opaca. 13Z2B RT Sa Onvir: Eyeball HYKON InTelligent Camera 5 Megapixel IP SUIT LINE , sensore 1/2,7 CMOS EVERLIGHT technology, compressione Ultra H.265, H.264/ H.265/ MIPEG, ottica motorizzata autofocus 2,7-13,5 mm, 0,002 Lux illluminazione minima, Day/Night {Filtro Meccanico), Smart IR portata jed 50m, ONVIF [Profile S, Profile G, Profile T, Profile M), API, SD card max 256G, WDR 120d58, 2D/3D DNR, S/N >56, BLC, HLC, ROI 8 aree, Corridor mode, Digital Defog, Digital Flip, privacy mask 4 aree, funzione ANR, 1 ingresso/uscita allarme, 1 ingresso/uscita audio, gestione profili separati indipendenti. Algoritmi intelligenti deep leaming: attraversamento linea, motion detector 4 aree, ingresso In area, Intrusion, uscita dall'area, intellisent face capture People Flow Counting, Crowd Density Monitoring, tampering, audio detection. Viteria In acciaio, dim. D129 x 110mm, IP67,",Sistemi Over IP,Telecamere Premium Everlight Suitline,Hykon,ITC0502,515.0,ICR,listino,pz
ITCK402,ITCK402 - Bullet HYKON InTelligent Camera 4 Megapixel IP; sensore,"E DESCRIZIONE x la FS ] GENT — i SFNZ eve mq = I. Onvie Bullet HYKON InTelligent Camera 4 Megapixel IP; sensore 1/1,8°” CMOS NEVERNIGHT Technology NG, compressione Ultra H.265, H.264/ H.265/ MIPEG, ottica fissa 2,8mm[F1.0], 0,0003 Lux illluminazione minima a colori [F1.0, AGCON }, O Lux LED on, Maxi Led a luce bianca portata 4Omt, ONVIF {Profile 5, Profile G, Profile T, Profile M], API, SDK, SD card max juina 512G, controllo Auto Scene Match, WDR 130dB, 2D/3D DINR, 57N >56, BLC, HLC, ROF 8 aree, Corridor mode, Digital Defog, hà | \ | Digital Fip, microfono integrato, 1 ingresso e 1 uscita audio, 1 ingresso ed i uscita di allarme, privacy mask 4 aree, ANR, 3 | NAS(NF5), gestione profili separati indipendenti. Algoritmi intetligenti deep leaming Premium con classificazione del colon RU attraversamento linea, motion detector 4 aree, Ingresso In area, Intrusion, uscita dall'area, Intellizent face capture, People F ali: Counting, Crowd Density Monitoring, oggetto abbandonato, oggetto rimosso, tampering, audio detection, viteria m accialo, dim. 265,2 x 95,2 x 82,9mm, 1P67, IK10, temperatura di funzionamento -30°C © 60""C, peso 1Kg, alim. 17Ycc max 4,5W//PoE",Sistemi Over IP,Telecamere Premium Neverlight,Hykon,ITCK402,460.0,ACCESSORI,listino,pz
ITCK404,ITCK404 - Bullet HYKON InTelligent Camera 4 Megapixel EP,"IEEES02.3af li alia INI GENT = , OFN2 PR a Onvie Bullet HYKON InTelligent Camera 4 Megapixel EP, sensore 1/1,8” CMOS NEVERNIGHT Technology NG, compressione Uttra H.265, H.264/ H.265/ MIPEG, ottica fissa 4mm{F1.0), 0,0003 Lux illluminazione minima a colori (F1.0, AGCON ], 0 Lux LED on, Maxi Led a luce bianca portata 40mt, ONVIF [Profile S, Profile G, Profile FT, Profile M)}, API, SDK, SD card max 512G, controllo Auto Scene Match, WDR 130dB, 2D/3D DIN, S7N >56, BLC, HLC, ROI 8 aree, Corridor mode, Digital Defog, Digital Flip, microfono integrato, 1 ingresso e 1 uscita audio, 1 ingresso ed 1 uscita di allarme, privacy mask 4 aree, ANR, "" (Li NAS[NFS), sestione profili separati indipendenti. Algoritmi intelligenti deep learning Premium con classificazione del colon "" attraversamento linea, motion detector 4 aree, ingresso In area, Iintrusion, uscita dall'area, intelligent face capture, People F Counting, Crowd Density Monitoring, oggetto abbandonato, oggetto rimosso, tampenng, audio detection, viteria in acciaio, lia dim. 265,2 x 95,2 x 82,5mm, I1P67, KK10, temperatura di funzionamento -30°C * 60""C, peso 1Kg, alim. 12Ycc max 4,5W/P0E",Sistemi Over IP,Telecamere Premium Neverlight,Hykon,ITCK404,460.0,BOX13,listino,pz
“01317. 1700402,“01317. 1700402 - Eyeball HYKON InTelligent Camera 4 Megapixel IP,"IEFFES02.3af, li — INTELLIGENT ln . FI i È e. Onvie Eyeball HYKON InTelligent Camera 4 Megapixel IP, sensore 1/1,8” CMOS NEVERNIGHT Technology NG, compressione Ultra H.265, H.264/ H.265/ MIPEG, ottica fissa 2,8mm[F1.0], 0,0003 Lux illluminazione minima a colorì [F1.0, AGCON }, sicin O Lux LED on, Maxi Led a luce bianca portata 30mt, ONVIF [Proftle 5, Profile G, Profile T, Profile M), API, SDK, SD card max 512G, controllo Auto Scene Match, WDR 130dB, 20/3D DINR, SfN >56, BLC, HLC, ROF 8 aree, Corridor mode, Digital Defog, =» Digital Fitp, microfono integrato, 1 Ingresso e 1 uscita audio, 1 ingresso ed 1 uscita di allarme, privacy mask 4 aree, ANR, NAS([NFS), sestlone profili separati indipendenti. Algoritmi intelligenti deep leaming Premium con classificazione del cofon attraversamento linea, motion detector 4 aree, ingresso in area, intrusion, uscita dall'area, intelligent face capture, People Fow Counting, Crowd Density Monitoring, oggetto abbandonato, oggetto rimosso, tampenng, audio detechon, viteria In acdaio, dim. 129 x 110 mm, 1P67, IK10, temperatura di funzionamento -30°C * 60°C, peso 0,7Kg, alim. 12VYcc max 4,5W/Pe",Sistemi Over IP,Telecamere Premium Neverlight,Hykon,“01317. 1700402,460.0,> STPS,listino,pz
ITCP402,ITCP402 - Bullet HYKON InTelligent Camera 4 Megapixel IP,"E DESCRIZIONE Aa li dla. INTELLIGENT — , 512ZN mvernicio = È ST Onvir Bullet HYKON InTelligent Camera 4 Megapixel IP, sensore 1/1,8” CMOS NEVERNIGHT Technoiogy Dual Illuminatore, compressione Ultra H.265, H.264/f H.265/ MIPEG, ottica motorizzata autofocus 2,8-12 mm, 0,0095 Lux illiuminazione minîi a colori [F1.2, AGCON ], 0 Lux IR/LED on, Day/Night ICR (Filtro Meccanico), Smart IR portata led 40m, Maxi Led a luce bian ONVIF {Profile 5, Profile G, Profile T, Profile M], API, SD card max 256G, WDR 420dB, 2D/3D DNR, S/N >56, BLC, HLC, ROI 8 aree, Corridor mode, Digital Defog, Digital Flip, 1 ingresso e i uscita audio, 1 Ingresso ed 1 uscita di allarme, privacy mask 4 4 aree, funzione ANR, NAS, sestione profili separati indipendenti. Algoritmi intelligenti deep leamine: attraversamento linea, motlon detector 4 aree, Ingresso In area, intrusion, uscita dall’area, Intelligent face capture, People Flow Counting, Crowd Density Monitoring, tampering, audio detection, vitena In acciaio, dim. 245 x 86 x 7Zmm, 1P67, IK10, temperatura di funzionamento -30°C * 60°C, peso 1Kg, alim. 12cc/PoE IEEE807.3af.",Sistemi Over IP,Telecamere Panoramiche ITC Premium,Hykon,ITCP402,698.0,ACCESSORI,listino,pz
ITC0402,ITC0402 - Eyeball HYKON InTelligent Camera 4 Megapixel IP,", ln dla. INTELLIGENT 2 Li (12ZN seveie T = MU. Onvie Eyeball HYKON InTelligent Camera 4 Megapixel IP, sensore 1/1,” CMOS NEVERNIGHT Technology Dual Illuminators, compressione Ultra H.265, H.264/ H.265/ MIPEG, ottica motorizzata autofocus 2,8-12 mm, 0,0005 Lux illluminazione minii a colori {F1.2, AGCON ], 0 Lux IR/LED on, Day/Night ICR {Filtro Meccanico), Smart IR portata led 40m, Maxi Led a luce bian n ONVIF {Profile 5, Profile G, Profile T, Profile M], API, SD card max 256G, WDR 120dB, 2D/3D DNR, S/N >56, BLC, HLC, ROI 8 aree, Corridor mode, Digital Defog, Digital Flip, microfono integrato, l ingresso e 1 uscita audio, 1 ingresso ed 1 uscita di allarme, privacy mask 4 aree, funzione ANR, NAS, gestione profili separati indipendenti. Algoritmi intelligenti deep learning ) attraversamento linea, motion detector 4 aree, Ingresso In area, Intrusion, uscita dall'area, Intelligent face capture, People Flow Counting, Crowd Density Monitoring, tampering, audio detection, vitena in acciaio, dim. D129 x 110mm, IP67, IK10, temperatura di funzionamento -30°C * 60°C, peso 0,7Kg, alim. 12Vcc/PoE IEEE802.3af. x L Ù",Sistemi Over IP,Telecamere Panoramiche ITC Premium,Hykon,ITC0402,698.0,LLE |,listino,pz
ITCB80Y,ITCB80Y - Bullet de Angle HYKON InTelligent Camera 8 Megapixel (51,"TELECAMERE PANORAMICHE ITC PREMIUM hi ati. INTELLIGENT sr AFN Mich IT a ITS QNVvie' Bullet de Angle HYKON InTelligent Camera 8 Megapixel (5120x1440) IP, doppio sensore 4IMP 1/2.7” CMOS NEVERNEGH splicine technology, compressione Ultra H.265, H.264/ H.265/ MIPEG, ottica 180° +10° 2 x Amm@F1.0, 0,0005 Lux illuminazione minima a colori {F1.0, AGCON ], 0 Lux LED on, DayfNight ICR {Filtro Meccanico], Maxi Led a luce bianca portata max 30mt, ONYIF {Profile S, Profile G, Profile T), API, SDK, SD card max 5126, controllo Auta Scene Match, VDR 130dB, 2D/3D DIR, S/N >52, BLC, HLC, ROI 8 aree, digital Defog, microfono e speaker integrato, 1 ingresso e 1 uscita audio 1 ingresso ed 1 uscita di allarme, privacy mask 4 aree, ANR, NASINFS), pestione profili separati indipendenti. Aleorrimi intelficerrti deep learning Premium con classificazione dei colore: attraversamento linea, motion detector 4 aree, ingresso | area, Intrusion, uscita dall'area, intelligent face capture, People FHiow Counting, Crowd Density Monitoring, tampering,audio detecihon, viteria in accialo, dim. 273x 130 x 7émm, IP67, temperatura di funzionamento -30°""C ©"" 60°C, peso 1Kg, alim. 12Yc",Sistemi Over IP,Telecamere Panoramiche ITC Premium,Hykon,ITCB80Y,655.0,"CA,",listino,pz
ITCS403,ITCS403 - Nvr: Eyeball Wide Angle HYKON InTelligent Camera 8 Me,"Ly A, DI = N E DESCRIZIONE | atta MENTE IGENT — AFN I n SO Mean. ONvr: Eyeball Wide Angle HYKON InTelligent Camera 8 Megapixel (4096x1860] IP Active Deterrence Dual Illuminators, doppio sensore 4MP 1/2.5”"" CMOS NEVERNIGHT splicine technology, compressione Ultra H.265, H.264/ H.265/ MIPEG, ottica 150°” x 2.2ram@F1.0, 0,0005 Lux illluminazione minima a colori [F1.0, AGC ON ], 0 Lux LED}IR on, Day/Night ICR (Filtro Meccanic Smart IR portata 30mt, Maxi Led a luce bianca portata max 30mt, LED di allarme blu e rosso, ONYIF {Profile 5, Profile G, Lom Profile T), API, SDK, SD card max 5126, controllo Auto Scene Match, WDR 130dB, 2D/3D DIR, S/N >52, BLC, HLC, ROI 8 are i digital Defag, microfono e speaker integrato, 1 ingresso e 1 uscita audio, 1 ingresso ed 1 uscita di allarme, privacy mask 4 aree, ANR, NAS[NFS), gestione profili separati indipendenti. Algoritmi intelligenti deep leaming Premium con dassificazion del colore: attraversamento linea, motion detector 4 aree, Ingresso in area, Intrusion, uscita dall'area, tampering,audio detection, viteria in acciaio, dim_(9128.7 x 109.9 mm, IP67, IK10, temperatura di funzionamento -30°""C ” 60°C, peso 1Kg, alin 12Vcc max 13W/PoE IEEE802.3af.",Sistemi Over IP,Telecamere Speed Dome IP,Hykon,ITCS403,710.0,ACCESSORI,listino,pz
ITCS402,ITCS402 - SPEED DOME IP cre alia INGELLIGENT — IXW sven ITS ONnvir' Sp,"1g TELECAMERE SPEED DOME IP cre alia INGELLIGENT — IXW sven ITS ONnvir' Speed Dome IP HYKON InTelfigent Camera 4MP, sensori 1/2,8” CMOS EVERLIGHT Technology, compressione Ultra H.265, H.264/ H.265/ MIPEG, ottica motorizzata autofocus 33X 4,5-148,5mm, zoom digitale 16X, iris F1.5 © F4.0, 0,003 Lux illuminazione minima a colori[F1.5, AGC ON], 0 Lux IR on, DayfNight ECR (Filtro Meccanico], Smart IR portata 150mt, ONVI {Profile S, Profile G, Profile T}, API, SDK, SD card max 256G, WDR 120dB, 2D/3D DNR, S/N >56, BLC, HLC, ROI 8 aree, Digital Defog, Flip: Normal;Flip Vertical;Flip Horizontal;180°, Pan: 360° endless - velocità 0,1 /s * 200°/a, Tilt -15/90° {auto reverse] - velocità 0.1°/s * 2h09/5, 1024 preset, 16 preset patrol, 16 Route patroi, 16 Recorded patrol, Home rtion, l ingresso e —- 1 uscita audio, 2 ingressi ed 1 uscita di allarme, 1 x RS485, 1 uscita video BNC, privacy mask: 24 aree [A per scena), ANR, N NAS[NFS}, gestione profili separati indipendenti. Algoritmi intelligenti deep learning Premium: attraversamento linea, moti | detector 4 aree, ingresso in area, Intrusion, uscita dall'area, People Flow Counting, Crowd Density Monitoring, oggetto rimos opsetto abbandonato, autotrackine, tampering, viteria in acciaio, dim. # 227 x 384.8 mm, IP66, temperatura di funzioname?",Sistemi Over IP,Telecamere Speed Dome IP,Hykon,ITCS402,2396.0,"DÌ,",listino,pz
KDIP2,KDIP2 - Speed Dome IP HYKON Intelligent Camera Dual Lens AMP+4MP. se,"-40°C "" 0°C, peso 5,5Kg, alim. AC 24V+25%, DC 24V+25%, PoE+ {IEEE802.3 at] consumo max 25 ue Pa INTELLIGENT > J Speed Dome IP HYKON Intelligent Camera Dual Lens AMP+4MP. sensori 1/2,7” CMOS EVERLIGHT Fechnology, compressic Ultra H.265, H.264/ H.265/ MIPEG, ottica fissa panorama Amm F1.6, ottica motorizzata autofocus 25X 4,8-120mm@F1.5, 0,003 Lux illluminazione minima a colori, O Lux IR on, Day/Night ICR {Filtro Meccanico), Smart IR portata 40m telecamera fissa e 100mt motorizzata, ONVIF {Profile 5, Profile G, Profile T), API, SD card max 256G, WDR 120dB, 2D/3D DNR, 5/N >56, J BLC, HLC, ROI 8 aree, Corridor mode, Digital Defog, Digital Flip, Pan: 360° - velocità 80°%/sec max, Tilt -15/90° - velocità 80°/se max, 1924 preset, 16 preset patrol, 16 Route patro!, 16 Recorded patrol, Home position, speaker incorporato, 1 ingresso e tal 1 uscita audio, 2 Ingressi ed 1 uscita di allarme, RS485, privacy mask: 4 aree telecamera panorama, 24 aree motorizzataj 4 J per scena ], funzione ANR, NAS, gestione profili separati indipendenti. Algoritmi intelligenti deep leaming: attraversamento Inca, motion detector 4 aree, ingresso in area, Intrusion, uscita dall’area, intelligent face capture, People Flow Counting, Cro Density Monitoring, Autotraking, tampering, audio detection, viteria In acciaio, dim. D163 x 304mm, 1P66, temperatura di funzionamento -40°C "" 65°C, peso 2,5K&, alim. DC12V (+25%6), PoEHIEEE 802.3at] consumo max 24 DO",Sistemi Over IP,Telecamere Speed Dome IP,Hykon,KDIP2,1820.0,BOX6,listino,pz
IPF501,IPF501 - Fisheye IP HYKON 5 Megapixel,"E DESCRIZIONE P_S R2 28 ONVAF Fisheye IP HYKON 5 Megapixel, sensore 1/2.8” Progressive scan CMOS, ottica 1.Amm@F2.0, angolo di visione | 360”, Day & Night filtro IR, WIR, illuminazione minima a colori 0,01 lux {F2.0,. AGC ON}, 0 lux IR ON, Smart FR portata IR 10n ONYIF [Profile S, Profile G, Profile T), API,SDK, compressione Ultra 265, H.265, H.264, MIPEG, LE modalità di visualizzazione I Micro SD max 256GB, funzione ANR, NAS, BLC, 2D/3D DINR, Defog, Region of Interest [ROI] 8 aree, Privacy Mask 4 aree, Vid analisi: heat map, motion detector, tampering, audio detection, microfono incorporato, l ingresso e 1 uscita audio, 1 ingre: e 1 uscita allarme, temperature di lavoro -307+60°C, alimentazione DC12V+25%,PoE {IFEE 802.3af) 8,5 max, IP66, IK10, di (D125 x 43.7 mm, peso 400gr. stila. INTELLIGENT DIR Lc] ITS Qnvir' Fisheye EP HYKON InTeiligent Camera 12 Megapixel, sensore 1/1.7” progressive scan CMOS, ottica 1.8&mm@fF2.0, angolo di visione 360°, Day & Night filtro IR, DI_WDR, Hluminazione minima a colori 0,03 lux {F2.0. AGCON], 0 lux IR ON, Smart IR",Sistemi Over IP,Telecamere Fisheye,Hykon,IPF501,970.0,ACCESSORI,listino,pz
ITCF12,ITCF12 - Telecamere Fisheye,"portata IR 15mt, ONYIF [Profile 5, Profile 6, Profile T), API,S5DK, compressione Uitra 265, H.265, H.264, MIPEG, LE modalità | di visualizzazione, Micro SD max 256GB, funzione ANR, NAS, BLC, 2D/3D DINR, Defog, Region of Interest {ROI} 8 aree, Privac Mask 4 aree, Algoritmi intelligenti deep learning: attraversamento linea,motlon detector 4 aree, ingresso in area, Intrusion uscita dall'area, Heat Map, microfono incorporato,1 ingresso e 1 uscita audio, 2 Ingressi e 1 uscita allarme, temperature di lavoro -30”+60°C, alimentazione DC12V+25%,PoE {IEFE 802.3af) 12W4/ max, IP66, IK190, dim. D149 x 55m, peso 524gr. TELECAMERE MULTIOTTICA E silla INTELEIGENT = 28FWN gun) E LIT Ri Onwvir inTellisent Dual camera Mulîtivision HYKON. Due telecamere 4 Megapixel IP non splicing, sensore CMOS EVERLIGHT Technology 1/3”, compressione Ultra H.265, H.264/ H.265/ MIPEG, ottica fissa 2,8 mm [F1.6, AGC ON), 0,002 Lux CK illuminazione minima, Day/Night ICR {Fittro Meccanico), Smart IR portata led 30m, ONVYAF (Profile 5, Profile G, Profile T, È Profile M), API, SDK, SD card max 256G, WDR 130dB, 2D/3D DNR, 57N >52, Corridor Mode, BLC, HLC, ROI 8 aree, Digital Del privacy mask 4 aree, funzione ANR, NAS{NFS}, 1 ingressofuscita allarme, microfono incorporata, gestione profili separati indipendenti. Algoritmi intelligenti deep learning PRO su entrambe le camere: attraversamento linea, motion detector 4 ar",Sistemi Over IP,Telecamere Fisheye,Hykon,ITCF12,599.0,"n,",listino,pz
ITCDC40,ITCDC40 - Monitoring {solo su 1 camera},"ingresso In area, intrusion, uscita dall'area, intelligent face capture, People Fiow Counting [solo su 1 camera}, Crowd Density Monitoring {solo su 1 camera}, tampering, audio detection. Viteria in acciaio, dim. 176x104x72Zmm , 1P67, IK10, temperatur funzionamento -30°C * 60°C, peso 0,62ZK8, alim. 12cc/PoE IEEE802.3af. ia ) ; TELECAMERA LETTURA TARGHE STAND ALONE Pe Viva ii, È OnNvAF Bullet HYKON IP lettura targhe ANPR 2 Megapixel 60fps, velocità max veicolo 30km/h, lettura solo in presenza di veicolo grazie alla video analisi a bordo, diverse poticy di apertura varco selezionabili, gestione targhe di diversa nazionalità, suppo letture similtanee su 2 corsie, sestione autorizzazioni max 20.000 utenti, riconoscimento colore veicolo, sensore 1/2,8” ‘ CNMOS, compressione Ultra H.265, H.264, ottica zoom motorizzato 4,7-47mm (@F1.5, 0,001 Lux illluminazione mimima, Day, ®, Night ICR {Filtro Meccanico), Smart IR portata led 50m, ONYWIF {Profile S, Profile G, Profile T), SDK, API, SD card max 256G, .. WDR 120dB, 2D/3D DINR, S/N >56, BLC, HLC, ROI 8 aree, 1INe1 OUT audio, RS485, 1 uscita relè, 2 IN allarme, funzione AN gestione profili separati indipendenti. Viteria In acciaio, dim. 386x1726x130mm, IP67, IK10, temperatura di funzionamento-",Sistemi Over IP,Telecamere Fisheye,Hykon,ITCDC40,2440.0,ua BOXG,listino,pz
IRP30,IRP30 - Telecamere Multiottica / Lettura Targhe,"Se, 4 "" L L'ART, eni teli Lolli E DESCRIZIONE 60 Hluminatore IR HYKON {6 Power LED), 850nm, angolo di illuminazione 30°, portata 60mt, alimentazione PoE IEEE 802.3af, consuma 10W max, sensore di luminosità incorporato, trimmer regolazione commutazione ON/OFF, regolatore di intensità,",Sistemi Over IP,Telecamere Multiottica / Lettura Targhe,Hykon,IRP30,480.0,ACCESSORI,listino,pz
IRP45,IRP45 - Illuminatore IR HYKON (6 Power LED},"HP66, protezione meccanica IK10, cavo di uscita 50cm con RI45, dim. 80{L}x104{h]}x51[p} mm, pese 0,6Kg, staffa di fissaggio. 5, parete inclusa. 40 Illuminatore IR HYKON (6 Power LED}, 850nm, angolo di illuminazione 45°, portata AOmt, alimentazione PoE IEEE 802.3af, consumo 10W max, sensore di luminosità incorporato, trimmer regolazione commutazione ON/OFF, regolatore di intensità,",Sistemi Over IP,Telecamere Multiottica / Lettura Targhe,Hykon,IRP45,480.0,STIR,listino,pz
IRP60,IRP60 - Illuminatore IR HYKON (6 Power LED},"3 IP66, protezione meccanica IK10, cavo di uscita 50cm con RI45, dim. 80{L)xLDA{[h)}x51{p}) mm, pese 0,6Kg, staffa di fissaggio. parete Inclusa. 22 Illuminatore IR HYKON (6 Power LED}, 850nm, angolo di illuminazione 60°, portata 22mt, alimentazione PoE IEEE 802.3af, consumo 10W max, sensore di luminosità incorporato, trimmer regolazione commutazione ON/OFF, regolatore di intensità,",Sistemi Over IP,Telecamere Multiottica / Lettura Targhe,Hykon,IRP60,480.0,", BOXIR",listino,pz
IRP90,IRP90 - Illuminatore FR HYKON (6 Power LED},"3 IP66, protezione meccanica IK10, cavo di uscita 50cm con RI45, dim. 80{L)xLDA{[h)}x51{p}) mm, pese 0,6Kg, staffa di fissaggio. parete Inclusa. 16 Illuminatore FR HYKON (6 Power LED}, 850nm, angolo di illuminazione 90°, portata i6mt, alimentazione PoE IEEE 802.3af, consumo 10W max, sensore di luminosità incorporato, trimmer regolazione commutazione ON/OFF, regolatore di intensità,",Sistemi Over IP,Telecamere Multiottica / Lettura Targhe,Hykon,IRP90,480.0,STIR,listino,pz
NVRQ3P,NVRQ3P - NVR 4 canali HYKON POE,"E DESCRIZIONE SERIE Q alia. > 04M Miaccibus Onvie: © Groglecinda NVR 4 canali HYKON POE, risoluzione di registrazione 12MP 30fps, 4 porte POE max 30W cad. self- adaptive indipendenti e programmabili, max 54W totali, Extender mode 250mt, compressione Ultra 265/H.265/H.264, bitrate B0Mbj income/64AMbps outgoing, gestisce video analisi su tutti } canafi, smart search, uscite video HDMI AK e VGA, 1 ingresso ed 1 uscita audio, Gestione di 8 moduli MODBUS TCP/IP per espansione o remotizzazione ingressi ed uscite di np allarme NYR {64IN + G4O0UT max], 1 RJ45 self-adaptive 10/100 Mbps, tecnologia ANR, supporta telecamere di terze parti Of profile 5/T/G, invio GET http personalizzabili per VCA/evento/diagnostica, ricezione comandi http per modifica impostazii di sistema, RTSP, PZP. UPnP, NTP. DHCP, PPPoE, supporta 1HDD max 6Tb, log eventi, alim. 48Ydc esterno Incluso, dim. 260m x 24Umm x 47/mm, peso 1Kg. Pe da 08M [oi MPfaocivus ONvir:  D GoogleCioud NVR 8 canafi HYKON POE, risaluzione di registrazione 12MP 30fps, 8 porte POE max 30W cad. self- adapilve",Network Video Recorder,NVR PoE,Hykon,NVRQ3P,435.0,LISTINO,listino,pz
NVR002P,NVR002P - NVR 16 canali HYKON POE,"indipendenti e programmabili, max 75W totali, Extender mode 250mt, compressione Ultra 265/H.265/H.264, bitrate B0Mbj income/64Mbpa outgoing, gestisce video analisi su tutti i canali, smart search, uscite viteo HDMI 4K e YGA, 1 ingresso edi uscita audio, Gestione di 8 moduli MODBUS TCP/IP per espansione o remotizzazione ingressi ed uscite di allarrme NYR {64h 4 + 640UT max), 1 RJ45 self-adaptive 10/100 Mbps, tecnologia ANR, supporta telecamere di terze parti Onvif prafile 5/T/G, invio GET http personalizzabili per YCA/evento/diagnostica, ricezione comandi http per modifica impostazioni di sistema, RTSF. P2P, UPnP, NTP, DHCP, PPPoE, supporta 1HDD max 6Tb, log eventi, alim. 48Ydc esterno incluso, dim. 260mm x 240mm 4/mm, peso 1KE Pa N 16M [En ONviIF: 2 Googeciud NVR 16 canali HYKON POE, risoluzione di registrazione 12/MIP 30fps, 16 porte POE max 30W cad. sell- adaptrve indipendenti e programmabili, max 240W totali, Extender mode 250mt, compressione Ultra 265/H.265/H.264, bitrate 160Mbps income/64Mbps outgcing, pestisce video analisi su tutti i canali, smart search, uscite video HDMI 4&K e VGA, te 1 ingresso ed una uscita audio, 4 ingressi ed 1 uscita di allarme, 1 R445 seif-adaptive 10/100/10D0Mbps, tecnologia ANR, supporta telecamere di terze parti Onvif profile 5/F/G, invio GET http personalizzabili per VCA/evento/diagnostica, ricezio: comandi http per modifica impostazioni di sistema, RISP, PZP, UPnP, NTP. DHCP, PPPoE, supporta 2HDD max 6Tb, log event",Network Video Recorder,NVR PoE,Hykon,NVR002P,959.0,Li,listino,pz
NVR035,NVR035 - NVR HYKON 16 canali,"E DESCRIZIONE SERIE Q FS — 16M [ori Ma ocbus Onvir: 5 Googe Cioe NVR HYKON 16 canali, risoluzione di registrazione 12IMIP 30fps, compressione Ultra 265/H.265/H.264, bitrate 64Mibps income/64Mbps cutgoing, gestisce video analisi su tutti i canali, smart search, uscite video HDMI 4K e VGA, 1 ingresso ed 1 uscita audio, Gestione di 8 moduli MODBUS TCP/IP per espansione o remotizzazione ingressi ed - 4 uscite di allarme NYR {64IN + GAOUT max), 1 RJ45 self-adaptive 10/100Mbps, tecnologia ANR, supporta telecamere di terze parti Onvif profile 5/fT/G, invio GET http personalizzabili per YCA/evento/diagnostica, ricezione comandi http per modifica impostazioni di sistema, RISP, PZP, UPnP, NTP., DHCP, PPPoE, supporta 1HDD max &Tb, log eventi, alim. 12Yac, dim. 260mm :",Network Video Recorder,NVR Senza PoE,Hykon,NVR035,398.0,LISTINO,listino,pz
NVR05S,NVR05S - NVR HYKON 64 canali,"240mm x 47m, peso 1,3KE. dla da 64P Co MPfaocivus ONVIF* © Googlecioud NVR HYKON 64 canali, risoluzione di registrazione 16MMP 30fps, compressione Ultra 265/H.765/ H_264, bitrate 320Mbps income/160Mbps autgoing, gestisce video analisi su tutti i canali, Smart search: veicoli a motore; veicoli non a motore | bici, moto, muleth}; persone; Generale; People Counting Report; Heat Map, 1 uscita video HDMI 4K e 1 VGA programmabili indipendentemente, 1 ingresso ed 1 uscita audio, Gestione di 8 moduli MODBUS TCP/IP per espansione o remotizzazione | Ingressi ed uscite di allarme NYVR [64IN + 640UT max}, Compressione audio G.711A - G.711U, 16 ingressi e 4 uscite di allam 2 x RJ85 self-adaptive 10/100/1000Mbps, 1xRS485, 2xUSB2.0 - 1xl/SB3.0, tecnologia ANR, FTP/Schedule/FventSnapshot: 4 canali Snapshot, supporta telecamere di terze parti Onvif profile 5/T/G, RTSP, invio GET http personalizzabiti per VCA/even",Network Video Recorder,NVR Senza PoE,Hykon,NVR05S,1625.0,HD1000,listino,pz
NVROS8S,NVROS8S - NVR HYKON 8 canali {4+5]),"ì n Mole Fl tr! to _ ai — = RLP— ll” ""eni E DESCRIZIONE 09M [o ITS Maobus Qnwir:  £ Google Cloud NVR HYKON 8 canali {4+5]), 4 canali disponibili a bordo NYR con algoritmi di video analisi Deep Learning Premium per utBizzo analisi video su telecamere di terze parti { ONVIF/RTSP) + 5 canali “standard”, risoluzione di registrazione 16MP 30fps, compressione Ultra 265/H.265/ H.264, bitrate 320Mbps income analisi video a bordo OFF - 160Mbps analisi video a bordo ON/160Mbps autgoing, gestisce video analisi a bordo camera su tutti i canali, Smart search: veicoli a motore; veicoli non a motore { bici, moto, muletti}; persone; Generale; People Counting Report; Heat Map, ncerca per Immagine, 1 uscite Hm video HDMI 4K e 1 VGA programmabili indipendentemente, 1 ingresso ed 1 uscita audio, Compressione audio G.7/11A - G.711U, 8 ingressi e 2 uscite di allarme, Gestione di £ moduli MODBUS TCPIP per espansione 0 remotizzazione ingressi ed uscite di allarme NVR (64IN + 640UT max), 2 x R145 self-adaptive 19/100/1000Mbps, 1xR5485, 2xUSB2.0 - 1xUSB3.0, tecnologia ANR, FTP/Schedule/FventSnapshot: 4 canali Snapshot, supporta telecamere di terze parti Onvif profile 5/T/G, im GET http personalizzabiti per VCA/evento/diagnostica, ricezione comandi http per modifica impostazioni di sistema, RTSP. P2P. UPnP NTP, DHCP, PPPoE, supporta 2 HDD max L6Th,funzione RAID 1, log eventi, alim. DC 12V/3A, dim. 380mm x 315m",Network Video Recorder,NVR Senza PoE con Video Analisi,Hykon,NVROS8S,735.0,ACCESSORI,listino,pz
HYBX50,HYBX50 - Telecamere 4 in 1,"E DESCRIZIONE sila. GFWO pe = Bulfet HYKON 5MP con tecnologia 4inl AHD/TVI/CVI/CVBS:PAL, 5M@25fps, sensore 1/2,7” EVERLIGHT Technology, ottica fissa 2,8mm, illuminazione minima a colori 0,005 Lux [F1.6, AGCON), D Lux LED on, Day/Night: ICR (Fiftro Meccanico], Doppio Intrarosso portata LED 40m smart IR, menu OSD, BLC, HLC, DWDR, 2d DNR, White balance, Digital Flip, Microfono",Sistemi Analogici,Telecamere 4 in 1,Hykon,HYBX50,105.0,ACCESSORI,listino,pz
HYBY50Z26E,HYBY50Z26E - Eyeball HYKON 5MP con tecnologia 4inl AHD/TYIfCVI{CVES:PA,"incorporato. Viteria In acciaio INOX, alim. 12Ydc 3,4 dim. 154 X 66 X 66 mm, IP 67, temperatura di funzionamento -30°C "" +60°C , peso 0,3 KE... RI Eyeball HYKON 5MP con tecnologia 4inl AHD/TYIfCVI{CVES:PAL, 5I4@25fps, sensore 1/2,7” EVERLIGHT Technology, ottici È fissa 2,8mm, itlluminazione minima a colori 0,005 Lux [F1.6, AGC ON], 0 Lux LED on, Day/Night: ICR {Filtro Meccanico], | Doppio Infrarosso portata LED 40m smart IR, menu OSD, BLC, HLC, DIWDR, 2d DNR, White balance, Digital Flip, Microfono | incorporato. Viteria In acciaio INOX, alim. 12Vdc 3,4 dim. (D111rmrm X 98mm, IP 67, temperatura di funzionamento -30°C ‘",Sistemi Analogici,Telecamere 4 in 1,Hykon,HYBY50Z26E,105.0,BOX4,listino,pz
HYB0502,HYB0502 - Eyeball HYKON 5MP con tecnologia 4inl AHD/TYIfCVI{CVES:PA,"E DESCRIZIONE 1227 PR = Eyeball HYKON 5MP con tecnologia 4inl AHD/TYIfCVI{CVES:PAL, 5M@25fps, sensore 12,7” EVERLIGHT Technology, ottica motorizzata autofocus 2,8-12mm, illuminazione minima a colori 0,005 Lux (F1.6, AGC ON}, 0 Lux LED on, Day/Night: ICR",Sistemi Analogici,Telecamere 4 in 1,Hykon,HYB0502,204.0,ACCESSORI,listino,pz
HYBU502,HYBU502 - Telecamere 4 in 1,") {Filtro Meccanico}, Doppio infrarosso portata LED 40m smart IR, menu 0SD, BLC, HLC, WDR 120dB, 2d DNR, White balance, Digital Flip, Microfono incorporato. Viteria in acciaio INOX, alim. 12Vdc 5W dim. (D129 x 110mm, IP 67, temperatura di funzionamento -30°C "" +60°C, peso 0,67 Kg. 1372W MSI:",Sistemi Analogici,Telecamere 4 in 1,Hykon,HYBU502,319.0,BOX6,listino,pz
XVRQ204,XVRQ204 - DVR Analogici Ibridi HD-TVI/AHD/HD-CVI,"e LO i! edi i i 1) n : n ne : ha “gl E DESCRIZIONE SERIE Q. 06M 2 MESH, One: 2 Googecioua HVR HYKON ibrido 4 ingressi, AHD/TV/1/CVI/CVBS max 8IMP@15fps, 4 ingressi BNC + 2ch IP 4K, configurabili anche 6 IP. 1 uscita HDMI 4K e YGA FullHD, 1 uscita BNC, compressione video H265/H.264, 4 ingresso audio e 1 out, 4 Ingressi 1 uscita di allanme, 1 x RS485, coaxitron, supporta audio over coax, banda disponibile per telecamere IP 4A8Mbps income/48Mibps outcome, supporta funzioni di analisi video su 2 canali analogici max: attraversamento linea, motion _ detector, ingresso in area, uscita dall'area, Ultra Morion Detection (classificazione veicolifpersone), funzioni di ricerca eventi smart: ricerca dei volti e ricerca comportamentale, 1 RJ45 10M/100M selfadaptive,",Sistemi Analogici,DVR Analogici Ibridi HD-TVI/AHD/HD-CVI,Hykon,XVRQ204,289.0,ACCESSORI,listino,pz
XVRQ20,XVRQ20 - DVR Analogici Ibridi HD-TVI/AHD/HD-CVI,"TCP#IP; P2P; UPnP; DHCP; HTTP; HETPS; DNS; DDNS; SMTP; NTP, supporta 1 hard disk max 8Tb, 2 porte USB7.0 , alimentator esterno 12Ycc/2Ah incluso, consumo max 10W, dim. 260mm x226mmx 47mm, peso 1,15KE. 10M o IE, Onvieo © Googeciova HYVR HYKON ibrido 8 ingressi, AHD/TVI/CVI/CVBS max SIMP@15fps, 2 ingressi BNC + 4ch IP 4K, configurabili anche 12 IP. 1 uscita HDMI 4K e VGA FullHD, 1 uscita BNC, compressione video H265/H.264, 8 ingresso audio e 1 qut, 4 Ingressi 1 uscita di allarme, 1 x RS485, coaxitron, supporta audio over coax, banda disponibile per telecamere IP S6Mbps Em income/64Mbps outcome, supporta funzioni di analisi video su 2 canali analogici max: attraversamento linea, motion detector, ingresso in area, uscita daliDarea, Ultra Morion Detection [dassificazione veicoli/persone), funzioni di ricerca even smart: ricerca dei volti e ricerca comportamentale, 1 RJ45 10M/100M selfadaptive, TCPfIP; P2P; UPnP; DHCP ;HTTP; HTTPS; DNS; DDNS; SIVITP; NTP, supporta 1 hard disk max 8Tb, 2 porte USB2.0, alimentato:",Sistemi Analogici,DVR Analogici Ibridi HD-TVI/AHD/HD-CVI,Hykon,XVRQ20,389.0,HD1000,listino,pz
MOT10A1,MOT10A1 - Touch,"E DESCRIZIONE EL: Anciroic disk |> Google Play Smart Key touch Hykon 10” Android 11 con servizi Google, ideale la centralizzazione di sistemi domotici, vdeocitofenici IP. antintrusione, TYCO. Utilizzando Goolgle Play è possibile installare applicazioni di qualsiasi tipo. Caratteristiche tecniche: telecamera frontale 2 MP, CPU RK3566 Quad-core Cortex-A55 1.8GHz, 4G di RAM, 32G ROM, pannello touch IPS 1280*80% capacitivo, WiFi, 1 porta RJ45, Bluetooth 4.0, slot SD Card max 32G, mini USB, USB, uscita HDMI, uscita audio Jack 3,5mm, Multimedia: MPEG-1, MPEG-2, MPEG-4, H.263, H.264, VC1, RY etc., MP3/WMA/AAC, jpeg, ipg, microfono e 2 speaker 1,54 incorporati, Alimentazione 12V/2A, Poe HEEE302.3atfaf, staffa da tavolo inclusa, attacco VESA standard, dimensioni 178,54 x 260,54 {L} x 25,5[P), Colore Nero EL: Android disk] GooglePiay Smart Key touch Hykon 15,6” Android 11 con servizi Google, ideale la centralizzazione di sistemi domotici, videocitofomei",Smart Key,Touch,Hykon,MOT10A1,728.0,ACCESSORI,listino,pz
MOT15A1,MOT15A1 - Touch,"IP. antintrusione, TVCC. Utilizzando Goolgle Play è possibile installare applicazioni di qualsiasi tipo. Caratteristiche tecniche: telecamera frontale 2MP, CPU RK3566 Quad-core Cortex-A55 1.8GHz, 4G di RAM, 32G ROM, pannello touch IPS 1920x108 capacitivo, WAFi, 1 porta RJ45, Bluetooth 4.0, slot SD Card max 32G, mini USB, 2x USB, uscita HDMI, uscita audio Jack 3,5mn NMuttimedia: MPEG-1, MPEG-2, MPEG-4, H.263, H.264, VC1, RY etc., MP3ANMA/AAC, ipeg, ipg, microfono 2 speaker 7W incorporati, Alimentazione 12V/2A, Poe HEEE302.3atfaf, staffa da tavolo inclusa, attacco VESA standard, dimensioni 252,76 x 403,76 (L} x 33,50(P}, Colore nero. EL: Android ds] GooglePiay Smart Key touch Hykon 18,5” Android 11 con servizi Google, ideale la centralizzazione di sistemi domotici, videocitofonici IP antintrusione, TYCC. Utilizzando Goolgle Play è possibile installare applicazioni di qualsiasi tipo. Caratteristiche tecniche: telecamera frontale 2MP, CPU RK3566 Quad-core Cortex-A55 1.8GH7, 4G di RAM, 32G ROM, panneitlo touch IPS 1920x108 capacitivo, WiFi, 1 porta RJ45, Bluetooth 4,0, slot SD Card max 32G, mini USB, 2x USB, uscita HDMI, uscita audio Jack 3,5rmn",Smart Key,Touch,Hykon,MOT15A1,1387.0,STVESAAB,listino,pz
MOT18A1,MOT18A1 - Touch,"Multimedia: MPEG-1, MPEG-2, MPEG-4, H.263, H.264, VC1, RY etc., MP3/WMA/AAC, jpeg, ipg, microfono 2 speaker 3W incorporati, Alimentazione 12V/2A, Poe HEEE302.3atfaf, staffa da tavolo inclusa, attacco VESA standard, dimensioni 282,50| x 462,00 {L} x 37,50(P}, Colore nero. ASL Android deh Google Play Smart Key touch Hykon 21,5” Android 11 con servizi Google, ideale la centralizzazione di sistemi domotici, videocitofonici IP. antintrusione, TYCC. Utilizzando Goolgle Play è possibile installare applicazioni di qualsiasi tipo. Caratteristiche tecniche: telecamera frontale 2MP, CPU RK3566 Quad-core Cortex-A55 1.8GH7, 4G di RAM, 32G ROM, pannello touch IPS 1920x108 capacitivo, WiFi, 1 porta RJ45, Bluetooth 4.0, slot SD Card max 32G, mini USB, 2x USB, uscita HDMI, uscita audio Jack 3,5mn Muttimedia: MPEG-1, MPEG-2, MPEG-4, H.263, H.264, VC1, RY etc., MP3ANMA/AAC, ipeg, ipg, microfono 2 speaker 7W incorporati, Alimentazione 12V/2A), Poe IEEESO2 .3atfaf, staffa da tavolo inclusa, attacco VESA standard, dimensioni 332,21 x 539,11 {L} x 39,/5[F}, Calore nera.",Smart Key,Touch,Hykon,MOT18A1,1433.0,H),listino,pz
MOTOS8A1,MOTOS8A1 - Touch,"E DESCRIZIONE TOUCH DA SEMI INCASSO ciALI Android disk ]}» Google Play Smart Key touch Flat Hykon 4° Android 13 con servizi Google, compieto di sonda di temperatura e umidità, ideale la centralizzazione di sistemi domotici, videocitofonici IP, antintrusione, TYCC. Utilizzando Google Play è possibile installare applicazioni di qualsiasi tipo. Caratteristiche tecniche: CPU RK3566 Quad-core ARM Corter-A55 2GHz, 2G di RAM, 32G . ROM, pannello touch IPS 480x480 capacitivo, Brightness 300Nits, WIFI 202.11b/g/n, 1 porta RJ45 10/0/1001, Bluetooth 4.0, 2 microfoni e speaker incorporati, Multimedia | Video: MOY 10820PfAVI/NIMYRM/RMYB/3GP/MKYMP4/ASF/YOB",Smart Key,Touch,Hykon,MOTOS8A1,925.0,ACCESSORI,listino,pz
MOTI10A1,MOTI10A1 - Touch,"i Audio: MP3/WMA/WAY{AAC/FIAC/OGG alimentazione 12V[2A. Poe IFFF802.3 af, staffa proprietaria da incasso, involucro | materiale plastico, dimensioni 84,5[H} x 84,5 [L) x 36,2{P] mm, Bordo bianco. 3V2B O Finecolei | Google Play Smart Key touch Flat Hykon 4” Android 13 con servizi Google, compieto di sonda di temperatura e umidità, ideale la centralizzazione di sistemi domotici, videocitofonici IR, antintrusione, TYCC. Utilizzando Google Play è possibile installare applicazioni di qualsiasi tipo. Caratteristiche tecniche: CPU RK3566 Quad-core ARM Corter-A55 2GHz, 2G di RAM, 32G RON pannello touch IPS 480x480 capacitivo, Brightness 300Nîts, ViFi 802.11b/g/n, 1 porta RJ45 10M/100M, Bluetooth 4.0, 2 microfoni e speaker incorporati, Multimedia | Video: MOV 1080P/AVIANIMYVRM/RMYB/3GP/MKV/MP4/ASFWOB Audio:",Smart Key,Touch,Hykon,MOTI10A1,525.0,rm,listino,pz
MOT14A1,MOT14A1 - Touch,"CPU RK3566 Quad-core ARM Cortex-A55 2GHz, 4G di RAM, 32G ROM, pannello touch IPS 1280x8£00 capacitivo, Brightness 300Nits, WiFi 802.11b/e/n, 1 porta RJ45 10M/100M, Bluetooth 4.0, 2 microfoni e speaker 2W incorporati, Multimedia | Video: MOV LOBOP7AVI/NIMY/RM/ RMVEB/3GP/MKY{/MP4/ASFVOB Audio: MP3ANMAANANVAAACIFLAC/OGG , alimentazioni 12V/2A, Poe LEEE802.3 af, staffa metallica per montaggio su 502 e 503, scatola proprietaria da incasso, involucro in materia metallico, dimensioni 1/3{H] x 240 [L] x 11{P), Bordo silver. AVI: Android dis] GooglePiey",Smart Key,Touch,Hykon,MOT14A1,1350.0,le,listino,pz
LED22F,LED22F - Monitor 22” LCD TFF FullHD,"E DESCRIZIONE HD Monitor 22” LCD TFF FullHD, formato 16:9, Risoluzione 19720 x 1080 a 60 Hz, tempo di risposta [fpico): 5 ms, luminosità 250 cdfm?*, fattore di contrasto [tipico] 1000:1, angolo visuale 1702 {0} / 160° (V) @ CR > 10, colori display: 16,7 frequenza di scansione 30 - 83 kHz {0}/56 - 76 Hz [V), ingresso HDMI. Colore: nero Alimentazione: Incorporata 240 Y CA, 50)",Monitor,Monitor Standard e Industriali,Hykon,LED22F,414.0,ACCESSORI,listino,pz
LEDI221,LEDI221 - Monitor LCD con pannello industriale da 22” Ful[HD,"| Hz “HD Monitor LCD con pannello industriale da 22” Ful[HD, involucro plastico adatto per il funzionamento continuo 24/7. ll Risoluzione schermo 1920X1080 FULL HD 16:9, ingressi HDMI, VGA. Luminosità 2500d/m2, contrasto 1000:1, tempo di risposta 5m5, 16,7 di colori. 2 Speaker audio 3W stereo. Alimentazione 12Ycc. Temperatura di funzionamento -30°C + 85°",Monitor,Monitor Standard e Industriali,Hykon,LEDI221,489.0,n. | STVESA4BS,listino,pz
LEDIM2,LEDIM2 - Monitor LCD con pannello industriale da 28” 4K,"installabile a desktop con staffa in dotazione o a parete {compatibilità vesa]. 84K Monitor LCD con pannello industriale da 28” 4K, involucro plastico adatto per il funzionamento continuo 24/7. Risoluzione schermo 3840x2160 4K 16:9, ingressi HDMI, DP. Luminosità 350cd/m2, contrasto 1000:1, tempo di risposta 5ms, 16,7M di colori. 2 Speaker audio 3W stereo. Alimentazione 100""240VYac. Temperatura di funzionamento -30°C",Monitor,Monitor Standard e Industriali,Hykon,LEDIM2,1146.0,"""9 | STVESAZBF",listino,pz
"Re, ‘+ __ 1","Re, ‘+ __ 1 - Monitor test schermo 7?"" touch screen con nsoluzione 1920","EVE + I I I RA N"" È im ei DESCRIZIONE Monitor test schermo 7?"" touch screen con nsoluzione 1920x1200, Protocolli IP: ONVIFE, ONVIF PTZ, ACTI, Dahua, Hikvision, Samsung, Honeywell, etc, Test di rete: Server FFEP, Indirizzo IP statico, DHCP, bandwidth, test simultanei su diverse connessioni a telecamere IP, LCD: Regolazione luminosità, contrasto, colore, Ingresso HD supporta risoluzioni fino a1080P, Uscita HDMI, supporta risoluzioni fino a 4K, Porta di rete: 10/100/1000M, RIA45, Wifi integrato, POE 24W per lalimentazione della telecamera IP, 1 ingresso video BNC / 1 uscita video BNC floop), Uscita Video 1.0 Vp-p, Test Video: Segnali video misurati in IRE 0 my, Alimentazione: 5Y DC, 2A, Uscita | alimentazione: 12Y DC, 2A per l'alimentazione della telecamera, Audio: 1 ingresso / 1 uscita, Blocco dello scher i con richiesta password, Quick office, Interfaccia: RS485, Baud Rate: 150, 300, 600, 1200, 2400, 4800,9600, sl 19200bps, Ricerca Indirizzo PTZ, Batteria ricaricabile al tto; 7.4V DI, 5000mAh, Autonomia 10 ore, Visualizza segnali video analogici, AHD {fimo a 5Megapixel), CVI [fino a AMegsapixel], TVI {fino a AMegapixel), iP, Verifica connessioni cavo, Supporta più di 30 protocolli, come ad esempio PELCO-D/P Samsung, Panasonic, TeleEye etc. PTZ data, Visualizza | comandi inviati alla PTZ, Zoom 4x, Possibilità di fare snapshot e salvare le Immagini come he IPG, Registrazione file su SD card e playback, Port flicker, Ricerca veloce delle porte POE connesse, Scansione IP. Ricerca veloce delle telecamere IP 0 dei dispositivi connessi, Test ping degli indirizzi IP, Test voltaggio POE, sfarfallio, Forcia incorporata, 8G Micro SD card, supporta fino a 32Gb. ""a a id ., Mo there: e prin = peli. te ss IT a Lui i Mr li I re mei o e «gie. co FE. ni e Ta a EETST La Mi RR, sun è e Earn de ve 3 3. i SP Ru ha get <p LA hi, ez LOI RA LO i _ I gi sani pt DA Lì ta ne a re Ni 4 x ei hi ea darne are I La ""Fr > RA LS i . “i + n LA \ A i LI ""A,",Monitor,Monitor Test,Hykon,"Re, ‘+ __ 1",2229.0,| | ACCESSORI,listino,pz
UPS1000,UPS1000 - UPS 1000VA/900W ON LINE doppia conversione,"E DESCRIZIONE OLST UPS 1000VA/900W ON LINE doppia conversione, classificazione VFI-55-113 secondo EN62040-3, ingresso con cavo spina",UPS e Soccorritori,UPS Interactive Standard,Hykon,UPS1000,910.0,ACCESSORI,listino,pz
UPS2000,UPS2000 - UPS Interactive Standard,"schuko, 2 uscite IEC 10A, autonornia 13 minuti a pieno carico, display Lcd, porta seriale R5232, SMART SLOT per scheda SN e scheda contatti, peso 13K£. OLST",UPS e Soccorritori,UPS Interactive Standard,Hykon,UPS2000,1575.0,UPSRE,listino,pz
S0C80,S0C80 - UPS 2000VA/1500W ON LINE doppia conversione,"UPS 2000VA/1500W ON LINE doppia conversione, classificazione YFI-55-113 secondo EN67040-3, ingresso con cavo spina schuko, 2 uscite IEC 10A, autonomia 13 minuti a pieno carico, display Lcd, porta seriale R5S232, SMART SLOT per scheda SN e scheda contatti, peso 25K£.",UPS e Soccorritori,UPS Interactive Standard,Hykon,S0C80,540.0,UPSRE,listino,pz
SWP2LSI,SWP2LSI - SWITCH POE LAYER2 MANAGED >G2F Switch HYKON Layer 2 Mana,"E DESCRIZIONE SWITCH POE LAYER2 MANAGED >G2F Switch HYKON Layer 2 Managed, 8 porte PoE 10/100/1000M Poe, 2 Uplink Gigabit SFP, 30W max per porta, 36 max dispomibili, Backplane bandwidth 20Ghps, protocolli: IEEE 802.3 - IEFE 802.31- IEEE 802.3u - IEEE 802.3ab - IEFE 802.37 - IE 202.3ad -IEEE 802.3x - IEEE 802.1p - IEEE 802.1q - IEEE 802.1d - IEEE 802.15 - IEEE 802.1w - IEEE 802.3af - IEEE 802.3at, Pack forwarding rate:14.9Mpps, MAC address table:SK, port cache:4.1Mb, support DHCP Snoopinge, Forwarding mode: store ar forward, Funzioni Al: AI VLAN, AI Extend per rilancio segnale sino a 250mt su cavo CAT5/6 - AI PoE - AI QoS, Caratteristici di sicurezza: password protection - Support to restrict user access based on port number, IP address, MAC address - HTTPS (A SSL V3,TLS V1, SSH V1/V2 - IP-MAC-PORE ternary binding - ARP protection, IP source protection, DoS protection - Support port security and port isolation, DHCP Snooping, DHCP attack protectlon, PoE management: PoE total power limit - PoE ch status check - PoE port priority - POE power supply time period, Multicast: IGMP v1/v2 Snoopinge - multicast VLAN - multici filtering, packet statistics, unknown multicast discard, Gestione e manutenzione: WEB network management [HTTP, HTTPS SSL V3) - CLI [Telnet,55H V1/Y2) - SNMP Y1/V2/V3, LLDP, RIMIGHN, ARP protection, IP source protection, Dos protection, CPU monitonng, memory monitoring - system log - graded warning - Ping, Fracert detection, cable detection, Dimensioni",Networking TVCC,Switch PoE / Layer2 / Layer3,Hykon,SWP2LSI,300.0,ACCESSORI,listino,pz
SWP2L16,SWP2L16 - Switch HYKON Layer 2 Managed,"(LxWW/xH]: 225mmx120mmx35mm , temperatura di funzionamento 0°C740°C, Alimentatore esterna incluso 527 96W. PG2F Switch HYKON Layer 2 Managed, 16 porte PoE 10/100/1000M Poe, 2 Uplink Gigabit SFP. 30W max per porta, 140 max disponibili, Backplane bandwidth 36Gbps, protocolli: IEEE 802.3 - IEEE 802.3) - IEEE 802.3u - IEEE 802.3ab - IEEE 802.37 - IEE 202.3ad IEEE 802.3x - IEFE 802.1p - IFEE 802.10 - IEEE 802.1d - IFEE 802.15 - IEEE 802.1w - IEEE 802.3af - IFEE 802.3at, Packe forwarding rate: 26,8Mpps, MAC address table:8K, port cache:4.1Mb, support DHCP Snooping, Forwardine mode: store and forward, Funzioni AF: AI VLAN, AI Extend per rilancio segnale sino a 250mt su cavo CAT5/6 - AI PoE - AI Cos, Caratteristiche ICH di sicurezza: password protechion - Support to restrict user access based on port number, IP address, MAC address - HTTPS, SSL V3,TILS V1, 55H V1/Y2- IP-MAC-PORT ternary binding - ARP protection, IP source protection, DoS protection - Support port security and port Isolation, DHCP Snooping, DHCP attack protection, POE management: PoE total power limit - PoE chip status check - PoE port priority - POE power supply time period, Muiticast: IGMP v1/v2 Snooping - multicast VLAN - mufticasi filtering, packet statistics, unknown multicast discard, Gestione e manutenzione: WEB network management {HTTFP, HTTPS, SSL Y2] - CLI [Telnet,S5H V1/V2) - SNMP V1/V2/V3, LLDP RMON, ARP protection, IP source protection, DoS protection, CPU monitoring, memory monitoring - system log - graded warning - Ping, Tracert detecion, cable detection, Dimensioni [LxYvxH 440mmx180mmx44mm , temperatura di funzionamento 0°C""40""C, Alimentazione 100-240V, staffe montaggio rack incluse",Networking TVCC,Switch PoE / Layer2 / Layer3,Hykon,SWP2L16,660.0,EE,listino,pz
SWP2L24,SWP2L24 - SWITCH POE LAYER2 MANAGED PG2F Switch HYKON Layer 2 Mana,"E DESCRIZIONE SWITCH POE LAYER2 MANAGED PG2F Switch HYKON Layer 2 Managed, 24 porte PoE 10/100/1000M Poe, 2 Uplink Gigabit SFP. 30W max per porta, 230 max disponibili, Backplane bandwidth 52Gbps, protocolli: IEEE 802.3 - IFEE 802.31 - IEEE 802.3u - IEEE 802.3ab - IEEE 802.37 - IEE 802.3ad -IEEE 802.3x - IEEE 802.1p - IJFEE 802.10 - IEEE 802.1d - IEEE 802.1s - IEEE 802.1w - IEEE 802.3af - IEEE 802.3at, Packe forwarding rate: 26,8Mpps, MAC address table:8K, port cache:4.1Mb, support DHCP Snooping, Forwarding mode: store anc forward, Funzioni AF Al VLAN, AI Extend per rilancio segnale sino a 250mt su cavo CAT5/6 - AI PoE - AI QoS, Caratteristiche di sicurezza: password protechion - Support to restrict user access based on port number, IF address, MAC address - HTTPS, SSL V3 TIS V1, 5SH V1/V2 - IP-MAC-PORT ternary binding - ARP protection, IP source protection, DoS protection - Support TEN port security and port Isolation, DHCP Snooping, DHCP attack protection, POE management: PoE total power limit - PoE chip status check - PoE port priority - PoE power supply time period, Multicast: IGMP v1/v2 Snooping - multicast VLAN - multicasi filtering, packet statistics, unknown multicast discard, Gestione e manutenzione: WEB network management {HTTP, HT FPS, SSL Y3) - CLI [Felnet,S5H Y1/V2) - SNMP Y1/V2/V3, LLOP RMON, ARP protection, IP source protection, DoS protection, CPU monitoring, memory monitoring - system log - sraded warning - Fing, Tracert detection, cable detection, Dimensioni [LxYWyxH 440mmx180mmx44mm , temperatura di funzionamento 0°C40""C Alimentazione 100-240, staffe montaggio rack incluse.",Networking TVCC,Switch PoE / Layer2 / Layer3,Hykon,SWP2L24,390.0,ACCESSORI,listino,pz
SWP3L8G24,SWP3L8G24 - SWITCH POE LAYER3 MANAGED F4F10G Switch HYKON Layer 3 Ma,"SWITCH POE LAYER3 MANAGED F4F10G Switch HYKON Layer 3 Managed, 3 porte 10/100/1000Mbps RJ45 {Combo}, 4 porte LOG SFP+ , 24 porte Gigabit SFP, 1 RIA! Console Port, 1 10/100Mbps RJ45 managed, USB 2.0 interface, 1 Mini-usb Console Port, Backpiane bandwidth 128Gbps, protocolli: IFEE 802.3 - IEEE 802.31 - IEEE 802.3u - IFEE 802.3ab - IFEE 802.37 - IFEE 802.3ad -IEEE 802.3x - IEEE 802.1p - IEEE 802.1q - IEEE 8.02.1d - IEEE 802.1s - IEEE 802.1w, Packet forwarding rate: 95,2 Mpps, MAC address table:16K, port cache:12Mb, support DHCP Snooping, Forwarding mode: store and forward, Caratteristiche di sicurezza: password protechon - Support to restrici user access based on port number, IF address, MAC address - HTTPS, SSI e W3,TL5 V1, SSH V1/V2 - IP-MAC-PORT ternary binding - ARP protection, IP source protection, Dos protection - DHCP Snoopin DHCP attack protecton- 802.1X authentication, AAA - port security and port isolation - CPU protection function, Multicast: IGMP v1/v2/v3 Snooping - MLD v1/v2 Snooping - Fast leave mechanism and querier supporting Layer 2 multicast - Layer 2 IPv4 static multicast - Layer 2 IPv6 static multicast - IGMP v1/v2/v3 Layer 3 Multicast, Gestione e manutenzione: WEB network management [HTTP, HTTPS, SSL V3) - CLI {Telnet,S5H Y1/V2) - SNMP V1/V/2/V3, LLDP, RMON V1/V/2 - LLDP device discovery - NTP time synchronization - DNS Client - CPU monitoring, memory monitoring - system log, graded warming - Ping Tracert detection, cable detection, Dimensioni {LxWxH]: 440mmx37Z0mmx44mm , temperatura di funzionamento 0°C40°C, Afimentazione ridondata 100-240V, staffe montaggio rack incluse.",Networking TVCC,Switch PoE / Layer2 / Layer3,Hykon,SWP3L8G24,1980.0,AL,listino,pz
SWI2L8F,SWI2L8F - SWITCH INDUSTRIALI POE LAYER2 MANAGED !G2F Switch HYKON,"E DESCRIZIONE SWITCH INDUSTRIALI POE LAYER2 MANAGED !G2F Switch HYKON industriale Layer 2 Managed, 4 porte PoE 10/100/1000Mbps R445, 2 porte Gigabit SFP, 1 console port, 30 max per porta, 126 max disponibili, Backplane bandwidth 12Gbps, protocolli: IEEE 802.3 - IEEE 802.31 - IEEE 802.3u - IEEE $02.3ab - IEEE 807.37 - IEEE 802.3ad -IFEE 802.3x - IFEE 802.1p - IEEE 802.1q - IEEE 802.1d- IEEE 802.15 - IEEE 802.1w - IEEE 802.3af - IEEE 802.3at, Packet forwarding rate: 8,9Mpps, MAC address table:8K, port cache:4.1Mb, support DHCP Snooping, Forwarding mode: store and forward, Funzioni Al: AI VLAN, AI Extend per rilancio segnale sino a 250mt su cavo CAT5/6 - Al PoE - AI Loop Frotect, Carattenstiche di sicurezza: password protection - Support to restrici user access based on port number, IP address, MAC address - HTTPS, SSL Y3,TLS Y1, SSH V1/V2 - IP-MAC-PORT ternary binding - ARP protection, IP ="" source protection, DoS protection - Support port security and port isolation, DHCP Snooping, DHCP attack protection - 802.1 authentication, AAA - port security and port isolation, PoE management: PoE total power limit - PoE chip status check - PoE port priority - PoE power supply time period, Multicast: IGMP v1/v2 Snooping - multicast VLAN - multicast filteringa, packet statistics, unknown multicast discard, Gestione e manutenzione: WEB network management [HTTP, HTTPS, SSL Y3) - CLI {Telnet,55H V1/Y2) - SNMP V1/\2/V3, LLDP. RMON, ARP protection, IP source protection, DoS protection, CPU monitoring, memory monitoring - system log - praded warning - Ping, Tracert detection, cable detection, uscità relè di guasto, Dimension {LxWWxH): 163mmx110mrmx46,5mm , temperatura di funzionamento -40°C * 75°C, grado di protezione IP40, Alimentazion",Networking TVCC,Switch PoE / Layer2 / Layer3,Hykon,SWI2L8F,499.0,ACCESSORI,listino,pz
SWI2L16,SWI2L16 - SWITCH INDUSTRIALI POE LAYER2 MANAGED PG4F Switch HYKON,"E DESCRIZIONE SWITCH INDUSTRIALI POE LAYER2 MANAGED PG4F Switch HYKON industriale Layer 2 Managed, 16 porte PoE 10/100/1000Mbps RI45, 4 porte Gigabit SFP, 1 console port, 300 max per porta, 300W max disponibili, Backplane bandwidth 40Gbps, protocolli: IEEE 802.3 - IEEE 802.31 - IEEE 802.3u - IEEE 802.3ab - IEEE 802.37 - IEEE 802.3ad -IEEE 802.3x - IEEE 802.1p - IEEE 802.1q - IEEE 802.1d - IEEE 802.15 - IEEE 802.1w - IFEE 802.3af - IEEE 802.3at, Packet forwarding rate: 29,8Mpps, MAC address table:8K, port cache:4.1Mb, support DHCP",Networking TVCC,Switch PoE / Layer2 / Layer3,Hykon,SWI2L16,1580.0,ACCESSORI,listino,pz
EXET,EXET - Switch PoE / Layer2 / Layer3,"Snocpine, Forwarding mode: store and forward, Funzioni Al: AI VLAN, AI Extend per rilancio segnate sino a 250mt su cavo - CAT5/6 - AI PoE - AI Loop Protect, Caratteristiche di sicurezza: password protection - Support te restrict user access based on | : port number, IP address, MAC address - HTTPS, 55L V3,FLS V1, S5H Y1/V2 - IP-MAC-PORT ternary binding - ARP protection, Il source protection, Dos protecion - Support port security and port isolation, DHCP Snooping, DHCP attack protection - 802.1 authentication, AAA - port security and port Isolation, PoE management: PoE total power limit - POE chip status check - PoE part priority - PoE power supply time period, Multicast: IGMP v1/v2 Snooping - multicast VLAN - multicast filterina, packet statistics, unknown multicast discard, Gestione e manutenzione: WEB network management [HTTP, HTTPS, SSL Y3) - CLI",Networking TVCC,Switch PoE / Layer2 / Layer3,Hykon,EXET,215.0,", | AL12048",listino,pz
SWN2Z2PI,SWN2Z2PI - Switch PoE / Layer2 / Layer3,"E DESCRIZIONE culo Extender PoE Gigabit Hykon, 1 ingresso PoE 10/100/1000M RJ45 adaptive, 2 uscite POE 10/100/1000 R145 adaptive, max 30 in ingresso e max 30VW in uscita IEFE802.3af/fat, Network protocol IFEE 802.3, IFEE 202.3i 1O0BASE-T, LEEE 807.3u 100BASE-TX IEEE 202.3ab 1000BASE-T, IEEE 802.3af/at, Transmission mode Store anf d Forward{full wirespeed), Bandwidth 12Gbps, Pack",Networking TVCC,Switch PoE / Layer2 / Layer3,Hykon,SWN2Z2PI,609.0,ACCESSORI,listino,pz
SWI2P,SWI2P - Switch PoE / Layer2 / Layer3,"Forwarding 7,2Mpps, MAC Address 2K, Buffer 2,5M, distanza di trasmissione 10BASE-T: Cat3,4,5 UTP{£250 metri), 100BASE : TX: Cat5 o superiore UTP{150 metri}, 1000BASE-TX: Cat6 o superiore UTP{150 metri}, alimentazione PoE, esterna 12V 0.5A opzionale, consumo 3W in standby e 30W max, temperatura di funzionamento -10°/+55°C, dimensioni 70x85x25mm, peso 0,2KE, 1P30.",Networking TVCC,Switch PoE / Layer2 / Layer3,Hykon,SWI2P,145.0,AA,listino,pz
AL120,AL120 - Switch PoE / Layer2 / Layer3,E DESCRIZIONE,Networking TVCC,Switch PoE / Layer2 / Layer3,Hykon,AL120,48.0,ACCESSORI,listino,pz
AL240,AL240 - Switch PoE / Layer2 / Layer3,"A106 Minigibic 1.256 SFP per doppia FO multimodale, 1310nm, 2KM, LC.",Networking TVCC,Switch PoE / Layer2 / Layer3,Hykon,AL240,65.0,,listino,pz
ALCC24,ALCC24 - Switch PoE / Layer2 / Layer3,"M1G Minigibic 1.25G SFP per doppia FO monomodale, 1310nm,L10Km, LC, temperatura operativa -40""/+85""C",Networking TVCC,Switch PoE / Layer2 / Layer3,Hykon,ALCC24,139.0,,listino,pz
AS40502,AS40502 - Armadio da estemo misure esterne L400 H.500 P.200 mm,"E DESCRIZIONE ARMADI IP55 DMI Armadio da estemo misure esterne L400 H.500 P.200 mm, misure interne L350 H.450 P190 | mm, peso a vuoto Kg 10, Classe di protezione IPS5, 1] quadro protegge le apparecchiature al suo interno da polveri e da getti di acqua piovana, al suo interno è presente una piastra di fondo, una guida DIN e una mensola utile al fissaggio e supporto delle apparecchiature. La porta anteriore è dotata di chiusura a chiave triangolare ed è protetta con guarnizioni di plastica a tenuta stagnia, inoltre è munita di un contatto di protezione per la segnalazione di eventuafi aperture non autorizzate.",Armadi Rack TVCC,Armadi,Hykon,AS40502,645.0,ACCESSORI,listino,pz
AS0660,AS0660 - armadio AS405020M1 in accialo per pali diametro compreso,"Il quadro è dotato di un termostato interno utife al pilotaggio del sistema di ventilazione per la dissipazione del calore tramite fessure coperte da filtri speciali, il materiale di costruzione è antiuttravioletto, antifurto, antiruggine, resistente alla corrosione da acidi e alcali, anti-interferenza elettromagnetica [EMP anti-fulmine]. La struttura modulare della scatola consente di installare le apparecchiature elettriche In verticale o In onzzontale a seconda delle esigenze. Sono incluse fe staf per |’ instaliazione a parete.. ira L Adattatore da palo per armadio AS405020M1 in accialo per pali diametro compreso tra 50/300mm. 1534",Armadi Rack TVCC,Armadi,Hykon,AS0660,9.0,la,listino,pz
AS0960,AS0960 - Armadio Rack IP55-06U misure L.600 P.450 A.333 peso 30Ke.,"Armadio Rack IP55-06U misure L.600 P.450 A.333 peso 30Ke. Armadio rack da esterno Classe di Protezione IP55, protetto contro la polvere e piccoli getti d’acqua. Ideale per ambienti motto polverosi dove sia necessario preservare | dispositivi inter Fianchi laterali e porta posteriore chiusa tramite saldature per minimizzare l'ingresso di polvere e acqua. La porta anteriore è protetta con guarnizioni di plastica per ja tenuta stagna e ha Inserita una griglia filtrata per la npresa dell’aria. Sul tetto pira a dell'armadio vi sone installate due ventole per garantire un'areazione corretta, le ventole sono senza termostato. Sono inclu: le staffe per installazione a muro. Sono disponibili 4 montanti per l'installazione degli accesson e sono compresi di guida cav laterale sui montanti frontali. Entrata cavi dal fondo tramite 4 fori con tappi di gomma. Colore grigio chiaro RAL7035. Porta c chiusura a chiave triangolare e fessure aerazione fitrate. Cavo di messa a terra Incluso. Apertura porta 90°.",Armadi Rack TVCC,Armadi,Hykon,AS0960,929.0,fe,listino,pz
AB0956,AB0956 - Armadio Antieffrazione da interno 09U misure L.560 R400 A,"E DESCRIZIONE ARMADI ANTIEFFRAZIONE 1046 Armadio Antieffrazione da interno 09U misure L.560 R400 A_460 peso 18K£. Questi armadi sone stati concepiti per resiste: x a tentativi di scasso e atti vandalici. ideale come antifurto per contenere dispositivi in condizioni di sicurezza estreme, In are« ""n di passaggio come scuole, corridoi di ospedali, nesozi, supermarket, ecc. Lo scopo è quello di proteggere i dispositvi di rete. gli apparati CCTV. I] grado di protezione è un 1P20, ii colore è un grigio RAL7035. La capacità di canco è di 60 kg. La serratura vi di chiusura di sicurezza è In accialo cromato a due barre. La porta è in accialo con apertura scorrevole. | montanti sono 14 regolabili in profondità. Le feritoie per l'ingresso del cavi è sia In alto che in basso. Una griglia a destra e a sinistra assicurano",Armadi Rack TVCC,Armadi,Hykon,AB0956,47.0,ACCESSORI,listino,pz
AV591,AV591 - armadio. E' incluso un set di 12 viti per l'installazione,"i ventilazione passiva dei componenti interni dell'armadio. E' incluso un set di 12 viti per l'installazione degli apparati. Testato conformità con gli standard ENS5022:2010 EN55024:2010 EN61000-3-2:2014 ENG1000-3-3:2013. ARMADI VERTICALI 1:55 Armadio verticale con chiavi L.58,5 P.16 A.55 peso 12Kg. Armadio verticale a muro per alloggiare in modo ottimale sistemi ST videosorveglianza, sistemi audio, reti, NVR e XVR, protegsendoli da accessi non autonzzati. La struttura ha un attacco intern | per installare un video VESA 75X75 o 100X100 sullo schienale. Il dispositivo NVR 0 XYR con un blocco anticaduta sullo sporte frontale e si può fissare grazie alle staffe regolabili. Le staffe si possono regolare per dispositivi alti fino a 8cm, oppure sono te predisposte per dispositivi 19” 1U. Il box è dotato di griglie per l'areazione passiva. | cavi possono entrare dai fianchi laterali,",Armadi Rack TVCC,Armadi,Hykon,AV591,300.0,Ò),listino,pz
BOX14,BOX14 - Supporti Telecamere e Accessori,E DESCRIZIONE SUPPORTI DI FISSAGGIO PER TELECAMERE MULTIOTTICA,Accessori di Fissaggio,Supporti Telecamere e Accessori,Hykon,BOX14,25.0,ACCESSORI,listino,pz
STPAS01,STPAS01 - Supporti Telecamere e Accessori,"«e “| (-. n Junction box per eyebal] serie ITCDC in alluminio, dim. 176mm x 107mm x 48m, peso 0,24KE.",Accessori di Fissaggio,Supporti Telecamere e Accessori,Hykon,STPAS01,245.0,,listino,pz
STASP01,STASP01 - SPEED DOME ai î Junction box per speed dome Hykon serie ITCS,"SUPPORTI DI FISSAGGIO PER SPEED DOME ai î Junction box per speed dome Hykon serie ITCS in alluminio, dimensioni 296x244x127mm, peso 2,5KE",Accessori di Fissaggio,Supporti Telecamere e Accessori,Hykon,STASP01,58.0,,listino,pz
SPT1,SPT1 - speed dome Hykon serie ITCS in alluminio,"""x Staffa da parete per speed dome Hykon serie ITCS in alluminio, dimensioni 230,0x141x201,5mm, peso 0,8Kg 4 ten Adattatore da palo per staffa da parete STPASO1 speed dome Hykon serie ITCS in acciaio per pali diametro 67/127mm,",Accessori di Fissaggio,Supporti Telecamere e Accessori,Hykon,SPT1,56.0,,listino,pz
ALCC2401,ALCC2401 - speed dome Hykon serie ITCS in acciaio,"i lm dimensioni 215x175x60mm, peso 1,5Kg. j Adattatore da angolo per speed dome Hykon serie ITCS in acciaio, dimensioni 215x210x122mrm, peso 1,87KE",Accessori di Fissaggio,Supporti Telecamere e Accessori,Hykon,ALCC2401,45.0,,listino,pz
ALCC2404,ALCC2404 - Supporti Telecamere e Accessori,SUPPORTI DI FISSAGGIO PER TERMOGRAFICHE L t Staffa da parete per telecamere termografiche BSRC7BT e BSRV7.5BT,Accessori di Fissaggio,Supporti Telecamere e Accessori,Hykon,ALCC2404,92.0,,listino,pz
AL1215,AL1215 - Supporti Telecamere e Accessori,ACCESSORI PER TELECAMERE SERIE ITCP n Tettuccio parasole e parapioggia regolabile in alluminio per telecamere ITCP,Accessori di Fissaggio,Supporti Telecamere e Accessori,Hykon,AL1215,49.0,,listino,pz
AL1230,AL1230 - Supporti Telecamere e Accessori,"ACCESSORI PER FARI INFRAROSSO sn Junction box per fari IR Hykon da abbinare alla staffa da parete STIR, dim. 90[Hp45{P]x50{Lmm, peso 0,2K£, colore nero.",Accessori di Fissaggio,Supporti Telecamere e Accessori,Hykon,AL1230,36.0,,listino,pz
TB30,TB30 - nan,"E DESCRIZIONE Telecamera IP bispectrum Hykon con sensore termico Ossido di Vanadio non raffreddato, risoluzione 388x288, dimensioni pixel 12 um, sensibilità termica {NETD) £ 35mK@ 25° C, ottica 7mm autofocus, FOY 36,1°""x27,7°, telecamera 4MP, sensore _ 1/2,8” Sony progressive scan, ottica fissa 4mm, 4Maxi Led IR portata 30mt. Doppia video analisi deep leaming termica nni e visibile. Algoritmi telecamera termica: attraversamento linea, motion detector 4 aree, Ingresso In area, uscita dall'area, tampering/masking, dassificazione oggetti, fire detection, programmazione regole, shield area { mascherature }). Algoritmi A telecamera visibile: attraversamento linea, motion detector 4 aree, ingresso in area, uscita dall'area, tamperinefmasking, classificazione oggetti, invio messaggi http GET/POST personalizzabili per VCA/evento/diagnostica, Privacy mask, TT compressione video H.264/H.265, profili video selezionabili, E ingresso ed 1 uscita di allarme, porta di rete R145, protocolli Pelco-D, Z5-SP. VISCA, ONVIF profile 5/T/G, API, CGI, SDK, memoria interna 16G, alimentazione 12Vdc/5W, PoE IEEE802.3at temperatura di funzionamento -20°C * +60 C, custodia in alluminio, IP66, certricazioni CE (EN 60950:2000} FCC [FCC Part 1 SubpartB ].",Hykon,,Hykon,TB30,3250.0,ACCESSORI |,listino,pz
TB31,TB31 - nan,"JA INTEN One Telecamera IP bispectrum Hykon con sensore termico Ossido di Vanadio non raffreddato, risoluzione 388x288, dimensioni pixel 12 um, sensibilità termica {NETD) £ 35mK® 25° C, ottica 10mm autofocus, FOV 26""x19,6°, telecamera 4&MP, sensore 1f2,8"" Sony progressive scan, ottica fissa 8mm, 4Maxi Led IR portata 30mt. Doppia video analisi deep leaming termica de si e visibile. Algoritmi telecamera termica: attraversamento linea, motion detector 4 aree, ingresso in area, uscita dall'area, tampering/masking, dassificazione oggetti, fire detection, programmazione regole, shield area { mascherature }. Algoritmi p telecamera visibile: attraversamento linea, motion detector 4 aree, ingresso in area, uscita dall'area, tampering/masking, classificazione oggetti, invio messaggi http GET/POST personalizzabili per YCA/evento/diagnostica, Privacy mask, TT compressione video H.264/H.265, profili video selezionabili, E ingresso ed 1 uscita di allarme, porta di rete R145, protocolli Pelco-D, Z5-SP. VISCA, ONYIF profile S/T/G, API, CGI, SDK, memoria interna 16G, alimentazione 12YVdc/5W, PoE IEEE802.3at temperatura di funzionamento -20°C ©"" +60 C, custodia In alluminio, IP66, certificazioni CE [EN 60950:20D0} FCC [FCC Part 1 SubpartB ].",Hykon,,Hykon,TB31,3250.0,STP5,listino,pz
TB32,TB32 - nan,"E DESCRIZIONE SA EER@NEELLIGENT « Onvar: Telecamera IP bispectrum Hykon con sensore termico Ossido di Vanadio non raffreddato, risoluzione 388x288, dimensioni pixel 12um, sensibilità termica {NETD) € 35mK@ 25° C, ottica 25mm autofocus, FOVY 10,5°x7,9"", telecamera 4MP, sensore _ 1/2,8” Sony progressive scan, ottica fissa 12mm, 4Maxi Led IR portata 30mt. Doppia video analisi deep leaming termica nti e visibile. Algoritmi telecamera termica: attraversamento linea, motion detector 4 aree, ingresso In area, uscita dall'area, tampering/masking, classificazione oggetti, fire detection, programmazione regole, shield area { mascherature ).. Algoritmi A telecamera visibile: attraversamento linea, motion detector 4 aree, ingresso in area, uscita dall'area, tampering/masking, | classificazione oggetti, invio messaggi http GET/POST personatizzabili per YCAfevento/diagnostica, Privacy mask, TT compressione video H.264/H.265, profili video selezionabili, LI ingresso ed 1 uscita di allarme, porta di rete R145, protocalli Pelco-D, Z5-5P, VISCA, ONYIF profile $fT/G, API, CGI, SDK, memoria interna 16G, alimentazione 12Vdc/5W, PoE IEEE802.3at temperatura di funzionamento -20°C "" +60 €, custodia In alluminio, 1P66, certificazioni CE {EN 60950:2000] FCC [FCC Part 1!",Hykon,,Hykon,TB32,3790.0,ACCESSORI |,listino,pz
TB33,TB33 - nan,"SubpartB ). A IE EST Onvie Telecamera IF bispectrum Hykon con sensore tenmico Ossido di Vanadio non raffreddato, risoluzione 388x288, dimensioni pixel 12m, sensibilità termica {NETD) € 35mK@ 25° C, ottica 35mm autofocus, FOY 7,5%5,7°, telecamera 4MP, sensore 1/2,8” Sony progressive scan, ottica fissa 12mm, 4Maxi Led IR portata 30mt. Doppia video analisi deep leaming termica ainsi e visibile. Algoritmi telecamera termica: attraversamento linea, motion detector 4 aree, ingresso in area, uscita dall'area, tampering/masking, classificazione oggetti, fire detection, programmazione regole, shield area { mascherature ). Algoritmi A telecamera visibile: attraversamento linea, motion detector 4 aree, ingresso in area, uscita dall'area, tampering/masking, classificazione ogpetti, invio messaggi http GET/POST personalizzabili per YCAfevento/diagnostica. Privacy mask, TT compressione video H.264/H.265, profili video selezionabili, L ingresso ed 1 uscita di allarme, porta di rete R145, protocolli Pelco-D, Z5-5P, VISCA, ONYIF profile $/T/G, API, CGI, SDK, memoria interna 16G, alimentazione 12Vdc/5W, PoE IFEE802.3at temperatura di funzionamento -20""C "" +602 0, custodia in alluminio, IP66, certificazioni CE {EN 60950:2000} FCC [FCC Part 1",Hykon,,Hykon,TB33,4350.0,STP5,listino,pz
TB20,TB20 - nan,"SubpartB ). A IT i Onwvie: Telecamera IP bispectrum Hykon con sensore termico Ossido di Vanadio non raffreddato, risoluzione 256x192, dimensioni pixel 12um, sensibilità termica {NETD) € 35mK@ 25° C, ottica 2?mm, F1.1, FOV 90° x 65,9°, telecamera visibile AMP, sensore » 1/2,8” Sony progressive scan, ottica fissa Amm, illuminazione minima colori: 0.D1Lux®[F1.5,AGC ON} BAW: 0.001Lux@{F1.5 i AGC ON), 4Maxi Led ER portata 20mt, AGC, NUC, IDE, HDR, DNR, Doppia video analisi deep leaming termica e visibile. pr Algoritmi telecamera termica: attraversamento linea, motion detector 4 aree, ingresso in area, uscita dall'area, tampering/ maskine, classificazione oggetti, fire detection, programmazione regole, shield area (mascherature). Algoritmi telecamera visibile: attraversamento linea, motion detector 4 aree, ingresso in area, uscita dall'area, tampering/masking, classificazione oggetti, invio messaggi http GET/POST personalizzabili per YCA/evento/ diagnostica, Privacy mask 4 zone programmabili, compressione video H.264/H.265, profili video selezionabili, 1 ingresso ed 1 uscita di allarme, porta di rete RI45 10/100M se adaptive, OINVIF profite S/T/G, API, CGI, SDK, memoria interna 166, alimentazione 17Vdc/3W PoE IEEE802.3at, temperatur",Hykon,,Hykon,TB20,80.0,MOB/MO2,listino,pz
SVR120,SVR120 - nan,"JE DESCRIZIONE WS Server Rack VIMS Wavestore compliant per la gestione di massimo 60 flussi video in risoluzione 2IMP, Intel Core 15 12400 6Core 2.6GHz/4.5GHz - Chipset Intel B760 - 16GB DDRS 4800 -55D 500GB M.2 NYMe PCle - 4x slot 3,5” interni per ulteriore",Hykon,,Hykon,SVR120,2260.0,ACCESSORI |,listino,pz
AL123,AL123 - monitorazzio della temperatura corporea e dispositivi di,E DESCRIZIONE TERMINALI Soluzioni peri] monitorazzio della temperatura corporea e dispositivi di protezione individuate {DPI,Hykon,,Hykon,AL123,1590.0,ACCESSORI,listino,pz
